{
    "dwc:stateProvince": "South Carolina",
    "dwc:county": "Richland",
    "dwc:country": "USA",
    "dwc:scientificName": "ASCLEPIAS PERENNIS Walter",
    "dwc:taxonRank": "species",
    "dwc:scientificNameAuthorship": "Walter",
    "dwc:family": "Asclepiadaceae",
    "dwc:verbatimLocality": "Follicles bright | plump, hanging; | , or laden with silt; | only a few | on fairly loose sand, in mostly open spots on otherwise shaded sand | with abundant | just Elof mouth of Cedar Creek at Vegetation Plot 112, UTM coords 3736364N | 6.44 mi upstream from US | boat landing.",
    "dwc:genus": "Acer",
    "dwc:associatedTaxa": "associated: saccharinum | associated: Salix nigra | associated: Mikania scandens",
    "dwc:recordNumber": "601 | 20091",
    "dwc:verbatimElevation": "Elev 85\u2019",
    "dwc:minimumElevationInMeters": 25.908,
    "dwc:recordedBy": "John B. Nelson | A. Thompson | A.C. MOORE | CAROLINA- COLUMBIA",
    "dwc:eventDate": "1998-10-19",
    "dwc:verbatimEventDate": "19 X 1998",
    "dwc:dynamicProperties": {
        "foliageColor": "green",
        "leafPart": "foliage",
        "plantPart": "plant | bark"
    }
}