{
    "dwc:scientificName": "Aristolochia tomentosa Sims",
    "dwc:taxonRank": "species",
    "dwc:scientificNameAuthorship": "Sims",
    "dwc:family": "Aristolochiaceae",
    "dwc:stateProvince": "Arkansas",
    "dwc:county": "Faulkner | Valley",
    "dwc:verbatimLocality": "N. of Wooster, Alluvial woods along N. Chadron | bridge area. | Bright red fruitsTiJess Sect.",
    "dwc:habitat": "creek",
    "dwc:recordedBy": "Mallet Town | Linker- Mountainburg Association | Quercus, Acer, Celtis | Cassia, Campsis, Eupatorium",
    "dwc:recordNumber": "3 | 976",
    "dwc:genus": "Cornus | Asimina | Ulmus | Lindera | Perilla | Uniola | Urtica",
    "dwc:dynamicProperties": {
        "woodiness": "herb"
    }
}