{
    "dwc:country": "USA",
    "dwc:stateProvince": "Georgia",
    "dwc:family": "Juglandaceae",
    "dwc:scientificName": "Carya carolinae",
    "dwc:taxonRank": "species",
    "dwc:associatedTaxa": "associated: - septentrionalis | associated: Carya cordiformis | associated: Vitis rotundifolia | associated: rotundifolia | associated: Liquidambar styraciflua | associated: Quercus nigra | associated: Asimina triloba | associated: Cercis canadensis | associated: Smilax glauca | associated: Chasmanthium sessiliflorum | associated: Hylodesmum nudiflorum | associated: Carex superata",
    "dwc:identifiedBy": "Patrick S. Lynch",
    "dwc:eventDate": "2011-02-24 | 2010-07-10",
    "dwc:verbatimEventDate": "2/24/11 | 7/10/2010",
    "dwc:county": "Houston",
    "dwc:verbatimLocality": "USGS 7.5 minutes Hayneville Quadrangle; | Orangeburg Sandy Loam over Twiggs Clay;",
    "dwc:habitat": "woodlands | plain | forest",
    "dwc:recordNumber": "1 | 2 | WGS84 | 11",
    "dwc:verbatimElevation": "Elev.\n408'",
    "dwc:minimumElevationInMeters": 124.358,
    "dwc:recordedBy": "Atlantic Coastal | Patrick S. Lynch | Kelly Darby | Georgia. Corresponds | Carolina Shagbark Hickory",
    "dwc:verbatimCoordinates": "Lat. 32\u00b0 29' 16.91\" N. Long. 83\u00b0 32' 54.32\" W."
}