{
    "dwc:stateProvince": "North Carolina",
    "dwc:associatedTaxa": "associated: aquatic",
    "dwc:habitat": "wetland | swamp",
    "dwc:county": "Sampson",
    "dwc:eventDate": "1990-04-21",
    "dwc:verbatimEventDate": "21 Apr 1990",
    "dwc:scientificName": "Viburnum nudum L.",
    "dwc:taxonRank": "species",
    "dwc:scientificNameAuthorship": "Linnaeus",
    "dwc:verbatimLocality": "hawk roadside woods, near Garland.",
    "dwc:identifiedBy": "E. Seneca | Milho Payne",
    "dwc:recordNumber": "90-012",
    "dwc:dynamicProperties": {
        "plantPart": "plant"
    }
}