{
    "dwc:stateProvince": "Georgia",
    "dwc:county": "Cherokee",
    "dwc:genus": "Carex",
    "dwc:verbatimLocality": "NW corner of county. | Pine Long Mountains ridge, between Bear Mountains peak and Pine Long peak | with frequent rock outcroppings.",
    "dwc:verbatimElevation": "Elevation 2100-2300 feet",
    "dwc:minimumElevationInMeters": 640.08,
    "dwc:maximumElevationInMeters": 701.04,
    "dwc:habitat": "woodlands",
    "dwc:recordedBy": "L. & G. Foote | S. B. Jones | H. Currie | Nancy C. Coile",
    "dwc:recordNumber": "4636",
    "dwc:eventDate": "1986-04-29",
    "dwc:verbatimEventDate": "29 April 1986",
    "dwc:country": "USA",
    "dwc:dynamicProperties": {
        "plantPart": "plant"
    }
}