{
    "dwc:stateProvince": "Florida",
    "dwc:county": "Alachua",
    "dwc:scientificName": "Uniola sessiliflora Poir,",
    "dwc:taxonRank": "species",
    "dwc:scientificNameAuthorship": "Poir",
    "dwc:verbatimLocality": "In moist soil at bottom of the Devil | miles northwest of Gainesville.",
    "dwc:recordNumber": "6 | 5776",
    "dwc:recordedBy": "D.S. Correll",
    "dwc:eventDate": "1936-07-01",
    "dwc:verbatimEventDate": "Date July 1, 1936",
    "dwc:identifiedBy": "E.L. Blomquist"
}