{
    "dwc:county": "Cherokee",
    "dwc:stateProvince": "Georgia",
    "dwc:scientificName": "Habenaria clavellata (Michx.) Spreng.",
    "dwc:taxonRank": "species",
    "dwc:scientificNameAuthorship": "Michx Spreng",
    "dwc:verbatimLocality": "Along small drainage in mixed aged hardwood, NW facing 5",
    "dwc:recordNumber": "100",
    "dwc:eventDate": "2002-01-20 | 1962-08-05",
    "dwc:verbatimEventDate": "20, 1/2 | 5 August 1962",
    "dwc:recordedBy": "L. E. Foote",
    "dwc:dynamicProperties": {
        "TRSPresent": "present"
    }
}