{
    "dwc:stateProvince": "Georgia",
    "dwc:family": "Fabaceae",
    "dwc:recordNumber": "12 | 049 | 008 | 876",
    "dwc:scientificName": "Wisteria sinensis (Sims)",
    "dwc:taxonRank": "species",
    "dwc:scientificNameAuthorship": "Sims",
    "dwc:identifiedBy": "S.Y.S. Sewell",
    "dwc:eventDate": "2013-02-05 | 2012-09-16",
    "dwc:verbatimEventDate": "5 February 2013 | 16 September 2012",
    "dwc:county": "Jasper",
    "dwc:verbatimLocality": "Monticello: Gladesville | part of | National Forest parcela | bordered by State Route 83 to NW, Whatley Road to SW. | Junction of power line right-of-way and gravel road | near gate",
    "dwc:recordedBy": "Chattahoochee-Oconee | Sabrina Y. S. Sewell | Jamul A. Sewell",
    "dwc:verbatimElevation": "Elev. 169 m.",
    "dwc:minimumElevationInMeters": 169.0,
    "dwc:associatedTaxa": "associated: Lespedeza cuneata | associated: Plantago major | associated: Commelina communis",
    "dwc:habitat": "pond",
    "dwc:verbatimCoordinates": "Lat. 33 12.167 N. Long. 83 46.151 W. Datum: WGS 84",
    "dwc:geodeticDatum": "WGS84",
    "dwc:dynamicProperties": {
        "habit": "liana",
        "leafPart": "leaf",
        "leafColor": "green",
        "plantPart": "stem",
        "stemColor": "brown | brown-yellow",
        "partLocation": "externally",
        "stemSize": "lengthLowInCentimeters: 860.0"
    }
}