{
    "dwc:stateProvince": "West Virginia",
    "dwc:county": "Pendleton",
    "dwc:country": "USA",
    "dwc:family": "Asteraceae",
    "dwc:verbatimLocality": "scattered at edge of west meadow along fence line along CoRd | immediately Soft its jct with CoRd | of Potomac River, about a miles Soft Cherry Grove;",
    "dwc:recordNumber": "19 | 17 | 20010",
    "dwc:recordedBy": "N Fork | John B. Nelson | B. L. Cyprus | A.C. MOORE | CAROLINA- COLUMBIA",
    "dwc:verbatimCoordinates": "38\u00b037'08 \"N, 79\u00b032'18\" W",
    "dwc:verbatimElevation": "elev ca. 4500'",
    "dwc:minimumElevationInMeters": 1371.6,
    "dwc:eventDate": "1998-10-10",
    "dwc:verbatimEventDate": "10 X 1998",
    "dwc:dynamicProperties": {
        "diskFlowerRay": "ray",
        "diskFlowerRayColor": "blue",
        "flowerPart": "disk flower",
        "diskFlowerColor": "yellow",
        "plantPart": "branch",
        "elevationUncertain": "uncertain"
    }
}