{
    "dwc:recordNumber": "7 | 1277",
    "dwc:stateProvince": "Vermont",
    "dwc:county": "Chittenden",
    "dwc:scientificName": "Descurainia pinnata (Walt) Britsh.",
    "dwc:taxonRank": "species",
    "dwc:scientificNameAuthorship": "Walt Britsh",
    "dwc:associatedTaxa": "associated: brachycarpa",
    "dwc:recordedBy": "Rocky Beach | COLCHES LTER | William D. Countryman | NO DATE",
    "dwc:verbatimLocality": "of Sunset Island",
    "dwc:eventDate": "1965-07-08",
    "dwc:verbatimEventDate": "8 July 1965"
}