{
    "dwc:stateProvince": "Vermont",
    "dwc:county": "Windham",
    "dwc:scientificName": "Crotalaria sagittalis",
    "dwc:taxonRank": "species",
    "dwc:recordedBy": "L. Fabaceae | P. F. Zizka | E. Thompson",
    "dwc:recordNumber": "300 | 500 | 8379",
    "dwc:verbatimLocality": "powerline on west end of Stebbins Road, leading to ledges along Connecticut River at pumphouse | full sun | Park, Vernon",
    "dwc:associatedTaxa": "associated: Cassia nictitans",
    "dwc:genus": "Lechea | Helianthemum",
    "dwc:verbatimElevation": "elev. 75 m",
    "dwc:minimumElevationInMeters": 75.0,
    "dwc:verbatimCoordinates": "\n45.9' N, 72\u00b0 30.3' W",
    "dwc:eventDate": "1984-09-21",
    "dwc:verbatimEventDate": "21 September 1984",
    "dwc:dynamicProperties": {
        "plantPart": "plant",
        "fruitPart": "seed"
    }
}