{
    "dwc:country": "USA",
    "dwc:county": "Wake",
    "dwc:associatedTaxa": "associated: status",
    "dwc:verbatimLocality": "INVASIVE Taxon | JAPANESE Stilt-pass | Raleigh, NC | College Towards NCSM, Just be enyo Jet saint OF | The patna | TS EDGE. | Jost YeT IN FRAit. | Collector: HANNAH | ML Date Collected | of North Carolina Herbarium",
    "dwc:scientificName": "Microstegium vimineum (Trial)A Caves.",
    "dwc:taxonRank": "species",
    "dwc:scientificNameAuthorship": "Trial A. Caves",
    "dwc:recordedBy": "NCSM TRAILS | Combing From | NCSM- DBFF | Chapel Hill | North Carolina",
    "dwc:recordNumber": "4 | 2",
    "dwc:habitat": "GBoWING WELLIN DADE WITH HEeDeeaA helix"
}