{
    "dwc:family": "Apiaceae",
    "dwc:scientificName": "Osmorhiza longistylis (Torrey)",
    "dwc:taxonRank": "species",
    "dwc:scientificNameAuthorship": "Torrey",
    "dwc:verbatimLocality": "de Candolle | State Natural Area and environs S.R. | . Growing in rich woods northeast of firme tower. | Occasional, native",
    "dwc:recordedBy": "Smooth Sweet | Mount Jefferson | Dedrick B. Poindexter | BOONE BOONE | NORTH CAROLINA",
    "dwc:county": "Jefferson",
    "dwc:recordNumber": "1152 | G4 | 05-569 | 28608",
    "dwc:verbatimElevation": "elevation ca. 3500 - 4683 ft",
    "dwc:minimumElevationInMeters": 1066.8,
    "dwc:maximumElevationInMeters": 1427.378,
    "dwc:habitat": "hardwood forest",
    "dwc:eventDate": "2005-06-08",
    "dwc:verbatimEventDate": "8 June 2005",
    "dwc:country": "USA",
    "dwc:dynamicProperties": {
        "elevationUncertain": "uncertain",
        "plantDuration": "perennial"
    }
}