{
    "dwc:recordedBy": "North Carolina | H. Pfeiff | Robert Thornhill | Vascular Flora | Darwin Core",
    "dwc:recordNumber": "15712 | 2012 | 50 | 8 | 484 | 10 | 2011 | 2013",
    "dwc:habitat": "creek | savanna | lake | Very West Loamy Pine Savannah (sensu Schafale 2012) occurrenceRemarks: occasional verbatimLatitude | field",
    "dwc:scientificName": "Rhynchospora colorata (L.)",
    "dwc:taxonRank": "species",
    "dwc:scientificNameAuthorship": "Linnaeus",
    "dwc:associatedTaxa": "associated: sensu",
    "dwc:family": "Cyperaceae",
    "dwc:country": "USA",
    "dwc:stateProvince": "North Carolina",
    "dwc:county": "Pender",
    "dwc:verbatimLocality": "on east side of Alligator | immediately south of junction with Flor Road | recordedBy recordNumber day month year | Guide to the | , and Sandhills of Shaken Creek Preserve and Vicinity | M.S. Thesis, North Carolina State University. | Raleigh, NC",
    "dwc:verbatimCoordinates": "34deg.34'54.2\" N | 77deg.38'38.5\" W",
    "dwc:eventDate": "2011-10-26",
    "dwc:verbatimEventDate": "2011-10-26"
}