{
    "dwc:stateProvince": "Oregon",
    "dwc:family": "Pinaceae",
    "dwc:scientificName": "Pinus ponderosa",
    "dwc:taxonRank": "species",
    "dwc:recordedBy": "Lawson and C. Lawson | N. Triller | Butler Butte. With | Anne Willard | Hassan Karemera | Julia Leffler",
    "dwc:country": "USA",
    "dwc:county": "Douglas",
    "dwc:recordNumber": "22 | 29,\nFS2925 | 5 | 8 | 15 | 1176 | 25",
    "dwc:verbatimLocality": "road miles | -way intersection; | miles from | Douglas-fir | cedar, white fir, and great wildflowers",
    "dwc:verbatimCoordinates": "\n42.90390N 122.71349W",
    "dwc:verbatimElevation": "Elevation 4040 ft",
    "dwc:minimumElevationInMeters": 1231.392,
    "dwc:eventDate": "2015-05-26",
    "dwc:verbatimEventDate": "26 May 2015"
}