{
    "dwc:country": "USA",
    "dwc:stateProvince": "Georgia",
    "dwc:family": "Ranunculaceae",
    "dwc:recordNumber": "0/7 | 7 | CEGL004023 | WGS84 | 311",
    "dwc:scientificName": "Ranunculus recurvatus Poir.\nvar. recurvatus",
    "dwc:taxonRank": "variety",
    "dwc:scientificNameAuthorship": "Poir",
    "dwc:identifiedBy": "Patrick S. Lynch",
    "dwc:eventDate": "2010-06-15 | 2009-05-29",
    "dwc:verbatimEventDate": "6/15/2010 | 5/29/2009",
    "dwc:county": "Bleckley",
    "dwc:verbatimLocality": "USGS 7.5 minutes Westlake Quadrangle; | Poor mesic bottomland adjacent to South",
    "dwc:verbatimElevation": "Elev. 300'",
    "dwc:minimumElevationInMeters": 91.44,
    "dwc:recordedBy": "Atlantic Coastal | Sandy Loam | Suwannee Limestone | Patrick S. Lynch | Upper Coastal",
    "dwc:habitat": "plain | forest",
    "dwc:associatedTaxa": "associated: Gratiola floridana | associated: Hydrocotyle verticillata | associated: americana | associated: Toxicodendron radicans | associated: Vitis cinerea | associated: floridana",
    "dwc:genus": "Callicarpa",
    "dwc:verbatimCoordinates": "Lat. 32\u00b0 25' 10.28\" N. Long. 83\u00b0 28' 06.65\" W."
}