{
    "dwc:stateProvince": "South Carolina",
    "dwc:scientificName": "Utricularia biflora Lam",
    "dwc:taxonRank": "species",
    "dwc:scientificNameAuthorship": "Lam",
    "dwc:county": "Darlington",
    "dwc:verbatimLocality": "Open, somewhat marshy area of Black Creek; | headwaters of Lake Prestwood, Hartsville. | growing in floating mats with",
    "dwc:associatedTaxa": "associated: Myriophyllum pinnatum | associated: carolina",
    "dwc:genus": "Cynthia",
    "dwc:recordedBy": "A. Aulbach-Smith | George Sawyer | Stann Hutton",
    "dwc:recordNumber": "4017",
    "dwc:eventDate": "1986-07-22",
    "dwc:verbatimEventDate": "22 July 1986"
}