{
    "dwc:stateProvince": "North Carolina",
    "dwc:county": "Transylvania",
    "dwc:scientificName": "Polystichum acrostichoides (Michx.)",
    "dwc:taxonRank": "species",
    "dwc:scientificNameAuthorship": "Michx",
    "dwc:recordedBy": "Schott. East | Looking Glass Rocks | D. E. Boufford",
    "dwc:verbatimLocality": "side of | off U. S. route | west of Brevard. | Service experimental forest. | Clear cut in",
    "dwc:recordNumber": "276 | 1923 | 100 | 16424",
    "dwc:habitat": "forest | woodlands",
    "dwc:associatedTaxa": "associated: Liriodendron tulipifera",
    "dwc:eventDate": "1975-06-16",
    "dwc:verbatimEventDate": "16 June 1975",
    "dwc:country": "USA"
}