{
    "dwc:country": "USA",
    "dwc:scientificName": "Anthemis cotula L.",
    "dwc:taxonRank": "species",
    "dwc:scientificNameAuthorship": "Linnaeus",
    "dwc:county": "Jefferson",
    "dwc:habitat": "rocky flats",
    "dwc:verbatimLocality": ", 7 Soft Boulder on Hwy 93, just NEof old land fille, Nof industrial area, T2S R7OW S11, NW gradient; | in reclaimed grassland, level area, rocky soils | Herbarium COLOR",
    "dwc:associatedTaxa": "associated: Andropogon gerardii | associated: Carduus nutans | associated: Acosta diffusa",
    "dwc:recordNumber": "29 | 1995",
    "dwc:recordedBy": "K. Nelson",
    "dwc:dynamicProperties": {
        "plantPart": "plant"
    }
}