{
    "dwc:stateProvince": "Colorado",
    "dwc:county": "Moffat",
    "dwc:scientificName": "Hymenopappus filifolius Hook.",
    "dwc:taxonRank": "species",
    "dwc:scientificNameAuthorship": "Hook",
    "dwc:habitat": "sandy soil | sandy canyon",
    "dwc:verbatimLocality": "of steep S exposure with | Small drainage of | mi SEof | Park City Formation.",
    "dwc:genus": "Juniperus | Pinus",
    "dwc:recordedBy": "Jenny Lindl Rocks | Echo Park | B. Neely",
    "dwc:recordNumber": "1 | RLO3 | S3 | 4\n5700 | 4231",
    "dwc:eventDate": "1987-06-03",
    "dwc:verbatimEventDate": "3 June 1987",
    "dwc:dynamicProperties": {
        "flowerPart": "corolla",
        "corollaColor": "yellow",
        "TRSPresent": "present"
    }
}