{
    "dwc:stateProvince": "Idaho",
    "dwc:scientificName": "Eriogonum caespitosum Nutt.",
    "dwc:taxonRank": "species",
    "dwc:scientificNameAuthorship": "Nutt",
    "dwc:verbatimLocality": "OWYHEE OO. | Owyhee Mountains, Florida Mountains, northeast of Silver City, on small peak about 3 airline miles from Silver City, on volcanic soil associated with",
    "dwc:genus": "Artemisia",
    "dwc:associatedTaxa": "associated: various",
    "dwc:recordedBy": "James L. Reveal",
    "dwc:recordNumber": "3858",
    "dwc:eventDate": "1975-07-09",
    "dwc:verbatimEventDate": "9 July 1975"
}