{
    "dwc:stateProvince": "Utah",
    "dwc:county": "Washington",
    "dwc:country": "USA",
    "dwc:scientificName": "Eriogonum subreniforme Watts.",
    "dwc:taxonRank": "species",
    "dwc:scientificNameAuthorship": "Watts",
    "dwc:habitat": "forest",
    "dwc:recordNumber": "4200 | 2697",
    "dwc:recordedBy": "Moenkopi Formation | Pinyon and Black- | Roan Kasos | Kaye Thorne | Larry Higgins | BRIGHAM YOUNG UNIVERSITY",
    "dwc:verbatimLocality": "brush comm.",
    "dwc:eventDate": "1988-06-08",
    "dwc:verbatimEventDate": "8 June 1988",
    "dwc:dynamicProperties": {
        "TRSPresent": "present"
    }
}