{
    "dwc:country": "USA",
    "dwc:scientificName": "Amorpha nana Nuttall",
    "dwc:taxonRank": "species",
    "dwc:scientificNameAuthorship": "Nuttall",
    "dwc:county": "Boulder",
    "dwc:recordedBy": "Shanahan Ridge | Time Hogan",
    "dwc:verbatimLocality": "mesa top grassland with scattered",
    "dwc:genus": "Pinus",
    "dwc:associatedTaxa": "associated: ponderosa",
    "dwc:recordNumber": "5800 | 1765",
    "dwc:eventDate": "1992-06-11",
    "dwc:verbatimEventDate": "11 June, 1992"
}