{
    "dwc:stateProvince": "Colorado",
    "dwc:scientificName": "Stipa speciosa Trin. & Rupr.",
    "dwc:taxonRank": "species",
    "dwc:scientificNameAuthorship": "Trin and Rupr",
    "dwc:county": "Montezuma",
    "dwc:recordedBy": "Mesa Vereda | R. Atkins",
    "dwc:verbatimLocality": "N.P. on Longhouse trail. Steep slopes of sandstone assoc. | with Gambell oak, juniper, pinyon pine, and yucca.",
    "dwc:recordNumber": "RI6 | sec24",
    "dwc:verbatimElevation": "elev. 7000'",
    "dwc:minimumElevationInMeters": 2133.6,
    "dwc:verbatimCoordinates": "\n37\u00b012'N 108\u00b032'W",
    "dwc:eventDate": "1982-06-18",
    "dwc:verbatimEventDate": "18 June 1982"
}