{
    "dwc:scientificName": "STIPA ROBUSTA",
    "dwc:taxonRank": "species",
    "dwc:recordedBy": "COLORADO. TELLER | FOSSIL EXCAVATION | E. & P. L. EDWARDS | CONDUCTED BY COLORADO",
    "dwc:recordNumber": "1/4 | SEC13 | 2530 | -557",
    "dwc:verbatimLocality": "ALONG TRAIL E OF | OCCASIONAL, WITH OTHER GRASSES.",
    "dwc:habitat": "dry meadow",
    "dwc:eventDate": "1983-08-27",
    "dwc:verbatimEventDate": "27 AUG. 1983",
    "dwc:dynamicProperties": {
        "TRSPresent": "present",
        "plantPart": "plant"
    }
}