{
    "dwc:stateProvince": "Utah",
    "dwc:scientificName": "Ranunculus glaberrimus Hook,",
    "dwc:taxonRank": "species",
    "dwc:scientificNameAuthorship": "Hook",
    "dwc:associatedTaxa": "associated: ellipticus",
    "dwc:county": "Uintah",
    "dwc:verbatimLocality": "Ridgetop between Sweetwater | Two Waters | miles south of | On north facing slope with sagebrush around melting snow bank",
    "dwc:habitat": "canyon | creek",
    "dwc:recordNumber": "20 | 15 | 23 | 1865",
    "dwc:recordedBy": "Ouray-Rainbow | Noel H. Holmgren | James L. Reveal",
    "dwc:verbatimElevation": "Elevation 8,200 feet",
    "dwc:minimumElevationInMeters": 2499.36,
    "dwc:eventDate": "1965-06-09",
    "dwc:verbatimEventDate": "June 9, 1965"
}