{
    "dwc:genus": "Myosurus | Mimulus | Draba | Bromus",
    "dwc:verbatimLocality": "vi state s Benth PLANTS OF UTAH Washington County Diamond Valley, 11 miles north of Saint George, in thin soil covering larva rock near volcanic cones; | associated with",
    "dwc:verbatimElevation": "altitude 3500 feet",
    "dwc:minimumElevationInMeters": 1066.8,
    "dwc:recordedBy": "Frank W. Gould",
    "dwc:eventDate": "1496-04-05",
    "dwc:verbatimEventDate": "1496 April 5",
    "dwc:recordNumber": "19h2",
    "dwc:dynamicProperties": {
        "plantPart": "plant"
    }
}