{
    "dwc:stateProvince": "Nevada",
    "dwc:county": "Esmeralda",
    "dwc:country": "USA",
    "dwc:family": "Ranunculaceae",
    "dwc:scientificName": "Thalictrum sparsiflorum Turczaninow",
    "dwc:taxonRank": "species",
    "dwc:scientificNameAuthorship": "Turczaninow",
    "dwc:verbatimLocality": "WHITE MOUNTAINS: Middle | drainages in open sedge | THIS R33E | perennials to 1.5 m high in dense colonies. | Fishlake Valley drainage.",
    "dwc:habitat": "creek canyon | meadow",
    "dwc:recordNumber": "S77 | 4208",
    "dwc:recordedBy": "Boundary Peak. Along | Carex, Juncus, Sisyrinchium | Lupinus | James D. Morefield | Charles W. Abbott | Douglas H. McCarthy",
    "dwc:genus": "Rosa | Salix | Iris | Potentilla",
    "dwc:verbatimElevation": "ALTO. 8190 feet",
    "dwc:minimumElevationInMeters": 2496.312,
    "dwc:eventDate": "1986-07-26",
    "dwc:verbatimEventDate": "26 JUL 1986",
    "dwc:dynamicProperties": {
        "habit": "erect"
    }
}