{
    "dwc:country": "USA",
    "dwc:scientificName": "Danthonia intermedia Vasey",
    "dwc:taxonRank": "species",
    "dwc:scientificNameAuthorship": "Vasey",
    "dwc:county": "Boulder",
    "dwc:verbatimLocality": "Nederland Quadrangle, THIS R73W SEC8 SW1/4, southwest of Hessie townsite;",
    "dwc:habitat": "dry meadow | forest",
    "dwc:genus": "Picea",
    "dwc:associatedTaxa": "associated: engelmannii | associated: Abies lasiocarpa",
    "dwc:recordNumber": "9200 | 2261",
    "dwc:eventDate": "1993-07-23",
    "dwc:verbatimEventDate": "23 July, 1993",
    "dwc:recordedBy": "Time Hogan"
}