{
    "dwc:stateProvince": "New Mexico",
    "dwc:county": "Gila",
    "dwc:country": "USA",
    "dwc:scientificName": "Penstemon pseudospectabilis Jones",
    "dwc:taxonRank": "species",
    "dwc:scientificNameAuthorship": "Jones",
    "dwc:verbatimLocality": "Roadside cliffs, limestone | Hwy 77, at Salt | Nof Seneca.",
    "dwc:habitat": "desert | river canyon",
    "dwc:recordNumber": "5 | L | 25482 | 6",
    "dwc:recordedBy": "N.D. Atwood | BRIGHAM YOUNG UNIVERSITY",
    "dwc:eventDate": "2000-05-04",
    "dwc:verbatimEventDate": "4 May 2000",
    "dwc:dynamicProperties": {
        "plantPart": "shrub"
    }
}