{
    "dwc:stateProvince": "Nevada",
    "dwc:country": "USA",
    "dwc:scientificName": "Descurainia incisa var. filipes",
    "dwc:taxonRank": "variety",
    "dwc:recordedBy": "N.H. Holmgren | P-John | Arnold Tiehm",
    "dwc:verbatimLocality": "N. Holmgren | Shoshone Mountains | , 1.9 road miles Wolf main Reese River Valley road, just Wolf | steep, loose, north facing slopes",
    "dwc:recordNumber": "9-2004 | S20 | 6650 | 14193",
    "dwc:county": "Lander",
    "dwc:habitat": "canyon | forest",
    "dwc:eventDate": "2003-05-27",
    "dwc:verbatimEventDate": "27 May 2003",
    "dwc:genus": "Brassicaceae",
    "dwc:dynamicProperties": {
        "petalColor": "gray | yellow",
        "flowerPart": "petal"
    }
}