{
    "dwc:stateProvince": "Utah",
    "dwc:scientificName": "Oxytropis sericea Nutt",
    "dwc:taxonRank": "species",
    "dwc:scientificNameAuthorship": "Nutt",
    "dwc:identifiedBy": "R. C. Barneby",
    "dwc:county": "Garfield",
    "dwc:verbatimLocality": "Open, rocky, granitic slopes towards the | of the left fork of Bull Creek Henry Mts. | about 23 miles south of Hanksville Twp. | 31 S. R. 10 lovati on about 9500 feet",
    "dwc:recordedBy": "Arthur Cronquist | Noel Holmgren",
    "dwc:recordNumber": "9304",
    "dwc:eventDate": "1961-06-17",
    "dwc:verbatimEventDate": "June 17, 1961",
    "dwc:dynamicProperties": {
        "inflorescence": "head",
        "flowerPart": "flower | keel",
        "flowerColor": "white",
        "keelColor": "purple-spots"
    }
}