{
    "dwc:stateProvince": "Nevada",
    "dwc:country": "USA",
    "dwc:scientificName": "Artemisia novae",
    "dwc:taxonRank": "species",
    "dwc:recordedBy": "A. Nels | Soto Smith | P-John | rocky | Arnold Tiehm | Juan Nachlinger",
    "dwc:county": "Douglas",
    "dwc:verbatimLocality": "Pine Nutt Mts. | , 4.2 road miles Soft Sunrise Pass road on main road | sandy-silty outwash | dm high, gray.",
    "dwc:recordNumber": "291640 | 4319947 | 5320 | 3 | 1 | 28063 | 14369",
    "dwc:family": "Asteraceae",
    "dwc:dynamicProperties": {
        "TRSPresent": "present",
        "plantPart": "plant"
    }
}