{
    "dwc:stateProvince": "Nevada",
    "dwc:scientificName": "Trifolium andersonii Gray",
    "dwc:taxonRank": "species",
    "dwc:scientificNameAuthorship": "Gray",
    "dwc:recordNumber": "3 | 1 | 4004",
    "dwc:recordedBy": "Nt. Montgomery Pass | Tipo Top Maine | Percy Train",
    "dwc:verbatimLocality": "Office, road to | Minerals Co., Nevada. | turning light with ma- turist. | a flat mata with heavy thick trap | Pinyon pine covered canyon slope. | stand found along roadside.",
    "dwc:verbatimElevation": "El. 8200 ft",
    "dwc:minimumElevationInMeters": 2499.36,
    "dwc:eventDate": "1940-06-09",
    "dwc:verbatimEventDate": "June 9, 1940",
    "dwc:dynamicProperties": {
        "headColor": "pink",
        "inflorescence": "head",
        "plantPart": "plant | root"
    }
}