{
    "dwc:country": "USA",
    "dwc:scientificName": "Castilleja sessiliflora Pursh | Pinus ponderosa and Yucca glauca",
    "dwc:taxonRank": "species",
    "dwc:scientificNameAuthorship": "Pursh",
    "dwc:county": "Boulder",
    "dwc:verbatimLocality": "City of Boulder Open Space Lands; | Dry mesa top east of | with widely scattered",
    "dwc:recordedBy": "Eldorado Springs | Doudy Draw | Time Hogan",
    "dwc:associatedTaxa": "associated: Arenaria fendleri | associated: Senecio plattensis",
    "dwc:recordNumber": "6100 | 2091",
    "dwc:eventDate": "1993-05-28",
    "dwc:verbatimEventDate": "28 May, 1993",
    "dwc:dynamicProperties": {
        "TRSPresent": "present"
    }
}