{
    "dwc:genus": "Ailanthus",
    "dwc:associatedTaxa": "associated: altissima",
    "dwc:verbatimLocality": "in North America. | State Univ. | Date sampled",
    "dwc:recordedBy": "Matthew T. Kasson | The Pennsylvania",
    "dwc:eventDate": "2010-10-08",
    "dwc:verbatimEventDate": ": 10/08/2010",
    "dwc:scientificName": "A. altissima",
    "dwc:taxonRank": "species",
    "dwc:recordNumber": "18533",
    "dwc:dynamicProperties": {
        "fruitPart": "seed",
        "seedCount": "low: 1"
    }
}