{
    "dwc:country": "USA",
    "dwc:scientificName": "Conioselinum scopulorum (Gray) Coulter & Rose",
    "dwc:taxonRank": "species",
    "dwc:scientificNameAuthorship": "Gray Coulter and Rose",
    "dwc:associatedTaxa": "associated: api | associated: Salix drummondiana | associated: Alnus incana | associated: tremuloides",
    "dwc:county": "Rio Blanco",
    "dwc:habitat": "creek",
    "dwc:verbatimLocality": "in White River national Forest downstream of Forest Service Rd. | Streambank with",
    "dwc:recordNumber": "260 | 3715",
    "dwc:verbatimElevation": "elev. 8700 ft",
    "dwc:minimumElevationInMeters": 2651.76,
    "dwc:eventDate": "1992-08-11",
    "dwc:verbatimEventDate": "11 August 1992",
    "dwc:recordedBy": "Nan Lederer"
}