{
    "dwc:family": "Rosaceae",
    "dwc:verbatimLocality": "OF UTAH | National Forest | trailhead towards junction of Kigalia Canyon, just south of Dark | in open, rhizomatous",
    "dwc:scientificName": "Fragaria virginiana Duchesne\nvar. glauca Watson",
    "dwc:taxonRank": "variety",
    "dwc:scientificNameAuthorship": "Duchesne | Watson",
    "dwc:county": "San Juan",
    "dwc:recordedBy": "Manti-La Salt | With Pinus | Abies, Taraxacum, Senecio | Wendy Hodgson | Roan Hill",
    "dwc:habitat": "canyon",
    "dwc:recordNumber": "157 | 1/2 | 7280 | 7760feet,\n2218-2360 | 9432",
    "dwc:eventDate": "2002-04-01 | 1995-06-23",
    "dwc:verbatimEventDate": "4-1/2 | 23 June 1995",
    "dwc:verbatimCoordinates": "109\u00b0 51\u2019",
    "dwc:associatedTaxa": "associated: Populus tremuloides | associated: Argenteus palmeri | associated: integerrimus | associated: Prunus virginiana | associated: Achillea millefolium | associated: Phlox longifolia | associated: Mertensia franciscana | associated: stellata | associated: Ribes cereum | associated: Pseudotsuga menziesii | associated: Penstemon lentus subsp. albiflorus | associated: Potentilla gracilis | associated: Juniperus communis | associated: Clematis columbiana | associated: caerulea | associated: Phlox hoodii | associated: Arctostaphylos patula | associated: Erigeron kachinensis | associated: Geranium caespitosum | associated: Hymenoxys argentea | associated: Quercus gambelii | associated: Symphoricarpos oreophilus",
    "dwc:genus": "Lupinus | Smilacina | Aquilegia | Viola | Cirsium | Lathyrus",
    "dwc:dynamicProperties": {
        "partLocation": "below",
        "flowerCount": "low: 52",
        "flowerWoodiness": "herbaceous",
        "plantDuration": "perennial",
        "flowerPart": "flower",
        "flowerColor": "white"
    }
}