{
    "dwc:family": "Rosaceae",
    "dwc:country": "USA",
    "dwc:scientificName": "Geum macrophyllum Willd.\nvar. perincisum (Rydb.) Raup",
    "dwc:taxonRank": "variety",
    "dwc:scientificNameAuthorship": "Willd | Rydb | Raup",
    "dwc:county": "Saguache",
    "dwc:recordedBy": "N ROSE | Cristo Range | Poncha Pass | Wolf Rio Grande | Brian Elliott | Elizabeth Mark",
    "dwc:recordNumber": "S14 | 2 | 285 | 1/2 | 7738",
    "dwc:verbatimLocality": "West Mountains, West Mountains Valley, Sangre de | , and Vicinity: Sangre de | : on Forest Road 990, ca | air Elof",
    "dwc:habitat": "forest",
    "dwc:eventDate": "1999-06-27",
    "dwc:verbatimEventDate": "27 Juan 1999",
    "dwc:dynamicProperties": {
        "TRSPresent": "present"
    }
}