{
    "dwc:recordedBy": "The New York | West Virginia. Tucker | Wolf Canaan Heights | Daniel Atha",
    "dwc:family": "Pinaceae",
    "dwc:scientificName": "Tsuga canadensis (L.) Carriere",
    "dwc:taxonRank": "species",
    "dwc:scientificNameAuthorship": "Linnaeus, Carriere",
    "dwc:identifiedBy": "D. E. Atha",
    "dwc:recordNumber": "2008 | 1144 | 6634",
    "dwc:country": "USA",
    "dwc:verbatimLocality": "Co. Monongahela National Forest. | Soft towns of Thomas and Davis | along Forest Road 13. | Coordinates and elevation from hand-held gps and digital world map; | accurate to within a radius of | cones pendent. | Sample preserved in silica gel at NY.",
    "dwc:verbatimCoordinates": "\n39\u00b05'30\"N, 79\u00b026'59\"W.",
    "dwc:eventDate": "2008-08-11",
    "dwc:verbatimEventDate": "11 Aug 2008",
    "dwc:dynamicProperties": {
        "treeSize": "uncertain: True ~ lengthLowInCentimeters: 5000.0 | heightLowInCentimeters: 1000.0",
        "plantPart": "tree | trunk | bark",
        "trunkSize": "diameterLowInCentimeters: 15.0",
        "barkColor": "green | brown",
        "leafPart": "leaf",
        "partLocation": "abaxial",
        "leafColor": "white"
    }
}