{
    "dwc:recordNumber": "5 | 2 | 40 | 6338(4",
    "dwc:recordedBy": "RANCHO SANTA RANA | Santa Ana Mtns | Scott D. White | Noel Davis",
    "dwc:country": "USA",
    "dwc:scientificName": "Astragalus gambelianus Sheld.",
    "dwc:taxonRank": "species",
    "dwc:scientificNameAuthorship": "Sheld",
    "dwc:verbatimLocality": "MISSION VIEJO AREA | watershed, east of El Toro Rd. | just Nof jctn. | Valley Vista Wy. | Large proposed subdivision called | Vegetation includes | coastal stage | Occasional and patchy in heavy, dry soil. | USGS Santiago Pk 7",
    "dwc:habitat": "creek | meadow | grassland | forest | woodland | scrub | chaparral",
    "dwc:verbatimCoordinates": "117\u00b037' W",
    "dwc:eventDate": "1998-04-24",
    "dwc:verbatimEventDate": "24 Apr 1998",
    "dwc:dynamicProperties": {
        "flowerColor": "orange | white",
        "plantDuration": "annual",
        "flowerPart": "flower",
        "TRSPresent": "present"
    }
}