{
    "dwc:recordedBy": "WARNER-WHITE | R. Harner",
    "dwc:scientificName": "Conyza canadensis (L.) Corong.",
    "dwc:taxonRank": "species",
    "dwc:scientificNameAuthorship": "Linnaeus, Corong",
    "dwc:family": "Asteraceae",
    "dwc:eventDate": "1979-08-18",
    "dwc:verbatimEventDate": "8-18-79",
    "dwc:county": "Wyoming",
    "dwc:recordNumber": "Campbell1 | 6 | 31",
    "dwc:verbatimLocality": "miles NEof Gillette HABITAT EXPOSURE FILE. | PROJECT Great | IDENTIFIED BY. | Weber NOTES",
    "dwc:habitat": "soil | plain"
}