{
    "dwc:stateProvince": "Colorado",
    "dwc:county": "Montrose",
    "dwc:country": "USA",
    "dwc:scientificName": "Astragalus wingatanus Watts.",
    "dwc:taxonRank": "species",
    "dwc:scientificNameAuthorship": "Watts",
    "dwc:verbatimLocality": "PRION, Sec. | LaSal Cr. | Paradox, near cliff dwellers mine. | cyn. bottom and on slopes.",
    "dwc:recordNumber": "9 | 4 | 8799",
    "dwc:recordedBy": "D Atwood | B Thompson | BRIGHAM YOUNG UNIVERSITY",
    "dwc:eventDate": "1982-05-20",
    "dwc:verbatimEventDate": "20 May 1982"
}