{
    "dwc:stateProvince": "Nevada",
    "dwc:scientificName": "Castilleja flava",
    "dwc:taxonRank": "species",
    "dwc:recordedBy": "S. Watts | Red Elephant Butte | James L. Reveal | Caroline G. Reveal",
    "dwc:verbatimLocality": "in King | south of Elk Mountains, on steep slopes associated with | feet elevation.",
    "dwc:associatedTaxa": "associated: flava",
    "dwc:county": "Elko",
    "dwc:genus": "Artemisia",
    "dwc:recordNumber": "4 | 46 | 61 | 8000 | 4603",
    "dwc:eventDate": "1976-07-30",
    "dwc:verbatimEventDate": "30 July 1976",
    "dwc:country": "USA"
}