{
    "dwc:stateProvince": "Arizona",
    "dwc:scientificName": "Salvia columbariae Benth.",
    "dwc:taxonRank": "species",
    "dwc:scientificNameAuthorship": "Benth",
    "dwc:county": "Maricopa",
    "dwc:verbatimLocality": "LOCATION Pinnacles Peak Rd between Scottsdale Rd and Reata Pass.",
    "dwc:habitat": "desert | uppland frequent-w.facing slope",
    "dwc:recordNumber": "500 | ELEV1500 | 80-82",
    "dwc:eventDate": "1982-03-22",
    "dwc:verbatimEventDate": "DATE: 22 March 1982",
    "dwc:recordedBy": "J H Lehr"
}