{
    "dwc:stateProvince": "Wyoming",
    "dwc:scientificName": "Juncus ensifolius Wikstr.\nvar. ensifolius",
    "dwc:taxonRank": "variety",
    "dwc:scientificNameAuthorship": "Wikstr",
    "dwc:county": "Lincoln",
    "dwc:verbatimLocality": "Gannett Hills, Little White | Bridger National Forest | at side of",
    "dwc:habitat": "creek | stream",
    "dwc:recordedBy": "Allred Flat Campground | Leila M. Schultz | John S. Schultz",
    "dwc:recordNumber": ",\nR | 3 | 3023",
    "dwc:verbatimElevation": "elev. 7000 ft",
    "dwc:minimumElevationInMeters": 2133.6,
    "dwc:eventDate": "1978-08-26",
    "dwc:verbatimEventDate": "26 August 1978",
    "dwc:dynamicProperties": {
        "partLocation": "above",
        "TRSPresent": "present",
        "maleFlowerPart": "stamen"
    }
}