{
    "dwc:stateProvince": "Utah",
    "dwc:scientificName": "Gaillardia spathulata Gray",
    "dwc:taxonRank": "species",
    "dwc:scientificNameAuthorship": "Gray",
    "dwc:county": "Emery",
    "dwc:habitat": "sandy soil",
    "dwc:verbatimLocality": "about Goblin Valley, north of Hanksville. | moist often | spreading by",
    "dwc:verbatimElevation": "Elevation about 5000 feet",
    "dwc:minimumElevationInMeters": 1524.0,
    "dwc:recordedBy": "Arthur Cronquist",
    "dwc:recordNumber": "9191 | 1961",
    "dwc:dynamicProperties": {
        "rootCount": "low: 10",
        "elevationUncertain": "uncertain",
        "diskRay": "ray",
        "flowerPart": "disk",
        "diskRayColor": "yellow",
        "diskRayCount": "low: 7 ~ high: 10",
        "plantRayCount": "low: 8",
        "plantPart": "plant | root",
        "habit": "creeping"
    }
}