{
    "dwc:scientificName": "Chondrosum gracile Humboldt, Bonpland",
    "dwc:taxonRank": "species",
    "dwc:scientificNameAuthorship": "Humboldt Bonpland",
    "dwc:verbatimLocality": "Kunth POCA | Humboldt, Bonpland | ex Griffiths | Escalante R. drainage, along Old Sheffield road 5.5 mi. | from junction with hwy 12, 155 | USGS quad map: 7.5 | Navajo sandstone Stabilized sand dunes community in open | associates include",
    "dwc:associatedTaxa": "associated: Bouteloua gracilis | associated: truei | associated: Pinus edulis | associated: Juniperus osteosperma | associated: Artemisia filifolius | associated: A. bigelovii | associated: Ephedra cutleri | associated: incana | associated: Dithyrea wislizenii | associated: Muhlenbergia pungens | associated: Gutierrezia sarothrae | associated: filifolius",
    "dwc:genus": "Lagascea | Poliomintha | Hymenopappus",
    "dwc:country": "USA",
    "dwc:stateProvince": "Utah",
    "dwc:county": "Garfield",
    "dwc:verbatimCoordinates": "N37.73594 W111.44308 12",
    "dwc:recordNumber": "5935 | 6114",
    "dwc:recordedBy": "Tenmile Flat | Lorraine Yeatts | Dicks Yeatts | Kathryn Kalmbach",
    "dwc:habitat": "forest",
    "dwc:eventDate": "2012-09-17",
    "dwc:verbatimEventDate": "17 Sept 2012"
}