{
    "dwc:family": "Cyperaceae",
    "dwc:verbatimLocality": "NEW MEXICO, U.S.A. | southeast shore of French Lake; | 1.4 air Elof Cimarron; | Digital map Shallow main | with exposed muddy shoreline sparsely vegetated with with | shallows with patches of | patch of | in shallow water among rock ripe",
    "dwc:scientificName": "Bolboschoenus maritimus (L.) Pallas\nssp. paludosus (A.Nelson)",
    "dwc:taxonRank": "subspecies",
    "dwc:scientificNameAuthorship": "Linnaeus, Pallas | A. | Nelson",
    "dwc:recordedBy": "T. Koyama | Vermejo Park Ranch | Bend Legler",
    "dwc:identifiedBy": "Peters F. Zizka",
    "dwc:eventDate": "2008-08 | 2007-08-16",
    "dwc:verbatimEventDate": "Aug 2008 | 16 Aug 2007",
    "dwc:county": "Colfax",
    "dwc:verbatimCoordinates": "\n36\u00b0 30' 27\" N, 104\u00b0 53 26\" W",
    "dwc:habitat": "lake",
    "dwc:associatedTaxa": "associated: Chenopodium glaucum | associated: squarrosa | associated: Alisma gramineum | associated: Ranunculus aquatilis",
    "dwc:genus": "Grindelia",
    "dwc:verbatimElevation": "Elev. 6,379 ft",
    "dwc:minimumElevationInMeters": 1944.319,
    "dwc:recordNumber": "7768",
    "dwc:dynamicProperties": {
        "stemCount": "low: 1",
        "plantPart": "stem"
    }
}