{
    "dwc:country": "USA",
    "dwc:scientificName": "Triodanis perfoliata (L.) Nieuwland",
    "dwc:taxonRank": "species",
    "dwc:scientificNameAuthorship": "Linnaeus, Nieuwland",
    "dwc:county": "Boulder",
    "dwc:verbatimLocality": "City of Boulder Mountains | side of park, accessed via Bison Road. | Tributary drainage of Harmon Gulch, 0.4 mi. | NNW of Shadow Cyn. | site heavily burned by | is the dominant successional species for many acres in the burn; | hundreds of thousands of individuals.",
    "dwc:recordedBy": "Park. West | Eldorado Fire | Time Hogan",
    "dwc:verbatimCoordinates": "N39\u00b057.665',\nW105\u00b018.147'",
    "dwc:recordNumber": "84 | 2012 | 7500 | 5387",
    "dwc:associatedTaxa": "associated: Conyza canadensis | associated: Carduus nutans | associated: Verbascum thapsus | associated: androsaemifolium | associated: Lactuca serriola | associated: Conyza",
    "dwc:genus": "Apocynum | Chenopodium",
    "dwc:eventDate": "2014-08-01",
    "dwc:verbatimEventDate": "1 August 2014"
}