{
    "dwc:stateProvince": "Colorado",
    "dwc:scientificName": "Yucca House",
    "dwc:taxonRank": "species",
    "dwc:verbatimLocality": "National Monument | National Monument, hillocks on south side of property on east side of highway. | UTM Zone",
    "dwc:family": "Poaceae",
    "dwc:associatedTaxa": "associated: Triticum aestivum | associated: Artemisia tridentata | associated: sarothrae | associated: Pinus edulis | associated: Juniperus osteosperma",
    "dwc:country": "USA",
    "dwc:county": "Montezuma",
    "dwc:recordedBy": "Yucca House | G. Rink | COLOR, ASC, SJNM | Arizona University",
    "dwc:recordNumber": "1850 | 3223",
    "dwc:eventDate": "2004-05-26",
    "dwc:verbatimEventDate": "26 May 2004",
    "dwc:dynamicProperties": {
        "verbatimUTM": "12S 707435E 4122089"
    }
}