{
    "dwc:stateProvince": "Colorado",
    "dwc:family": "Asteraceae",
    "dwc:scientificName": "Petradoria pumila ssp. graminea (Woot. & Standl.)",
    "dwc:taxonRank": "subspecies",
    "dwc:scientificNameAuthorship": "Woot | Standl",
    "dwc:recordedBy": "L.C. Anders | Shelley Silva | Connor Silva | Arizona University",
    "dwc:country": "USA",
    "dwc:county": "Dolores",
    "dwc:verbatimLocality": "Mesa State Park, southern entrance at FS | Shale barrens | Deaver Herbarium Northern",
    "dwc:recordNumber": "514 | 230 | 15 | 201",
    "dwc:verbatimCoordinates": "\n37.683333N -108.473217W",
    "dwc:verbatimElevation": "Elev 2287m",
    "dwc:minimumElevationInMeters": 2287.0,
    "dwc:associatedTaxa": "associated: Pascopyrum smithii | associated: Cirsium tracyi | associated: Helianthella microcephala | associated: Convolvulus arvensis"
}