{
    "dwc:recordedBy": "WARNER-WHITE | MASN DATE | Pine Grove Chapel | Pine Ridge | Madre Theisen",
    "dwc:scientificName": "Cerastium arvense L.",
    "dwc:taxonRank": "species",
    "dwc:scientificNameAuthorship": "Linnaeus",
    "dwc:verbatimLocality": "Serial FAMILY | STATE Koning COUNTY Crook LOCATION Sect. 33 | EXPOSURE ELEV SOIL PROJECT | international Minerals & Chemical Corporation",
    "dwc:family": "Caryophyllaceae",
    "dwc:recordNumber": "16-18 | 1979 | 28 | 16 | 466",
    "dwc:dynamicProperties": {
        "identifier": "Bob Dorn"
    }
}