{
    "dwc:country": "USA",
    "dwc:scientificName": "Chrysothamnus parryi (Gray) Greene",
    "dwc:taxonRank": "species",
    "dwc:scientificNameAuthorship": "Gray Greene",
    "dwc:associatedTaxa": "associated: attenuatus | associated: ponderosa",
    "dwc:stateProvince": "Nebraska",
    "dwc:county": "Slope",
    "dwc:verbatimLocality": "LaSal Mtns. | Ridge Elof Taylor Flat. | snowberry openings in aspen, gambeli oak scattered",
    "dwc:verbatimElevation": "Elevation 8800 ft",
    "dwc:minimumElevationInMeters": 2682.24,
    "dwc:habitat": "sagebrush",
    "dwc:recordedBy": "B Franklin | BRIGHAM YOUNG UNIVERSITY",
    "dwc:recordNumber": "4281",
    "dwc:eventDate": "1986-09-14",
    "dwc:verbatimEventDate": "September 14, 1986",
    "dwc:dynamicProperties": {
        "TRSPresent": "present"
    }
}