{
    "dwc:recordNumber": "0 | 78856",
    "dwc:associatedTaxa": "associated: ater",
    "dwc:family": "Gentianaceae",
    "dwc:verbatimLocality": "NEW MEXICO, U.S.A. | National Preserve: Jemez Mountains: Pajarito Mountains, east side of summit to Los Alamos county line; | Grassy areas | to east and south.",
    "dwc:scientificName": "Gentiana bigelovii",
    "dwc:taxonRank": "species",
    "dwc:recordedBy": "A. Gray | Valles Caldera | Ronald L. Hartman",
    "dwc:county": "Sandoval",
    "dwc:habitat": "canyon",
    "dwc:verbatimCoordinates": "\nN35 53 318\u2019 W106 24.109\u2019",
    "dwc:eventDate": "2003-08-21",
    "dwc:verbatimEventDate": "21 Aug 2003",
    "dwc:verbatimElevation": "Elev. 10,200-10,400 ft",
    "dwc:minimumElevationInMeters": 3108.96,
    "dwc:maximumElevationInMeters": 3169.92
}