{
    "dwc:stateProvince": "Kansas",
    "dwc:family": "Hypericaceae",
    "dwc:scientificName": "Hypericum cistifolium Lam",
    "dwc:taxonRank": "species",
    "dwc:scientificNameAuthorship": "Lam",
    "dwc:verbatimElevation": "Alto. 1220 ft",
    "dwc:minimumElevationInMeters": 371.856,
    "dwc:habitat": "soil | clay | grassland",
    "dwc:recordedBy": "W. H. Horry | L. H. Franklin",
    "dwc:recordNumber": "E323",
    "dwc:eventDate": "1940-07-04",
    "dwc:verbatimEventDate": "July 4, 1940"
}