{
    "dwc:stateProvince": "Nevada",
    "dwc:scientificName": "Carex microptera Mkuze.",
    "dwc:taxonRank": "species",
    "dwc:scientificNameAuthorship": "Mkuze",
    "dwc:county": "Elko",
    "dwc:verbatimLocality": "Independence Mts. | , 1.1 air miles WNW of the | seepage area",
    "dwc:habitat": "creek",
    "dwc:recordedBy": "Saval Ranch | Arnold Tiehm | Laurie Birdsey",
    "dwc:recordNumber": "5\nsec.6 | 6500 | 5073",
    "dwc:associatedTaxa": "associated: inca",
    "dwc:genus": "Juncus",
    "dwc:eventDate": "1979-06-19",
    "dwc:verbatimEventDate": "June 19,1979",
    "dwc:dynamicProperties": {
        "TRSPresent": "present"
    }
}