{
    "dwc:recordedBy": "ROBERT T. CLAUSEN | NEW YORK | Glaciated Allegheny | G.R.Mandals",
    "dwc:county": "Chemung",
    "dwc:recordNumber": "3484",
    "dwc:verbatimElevation": "Alto 1700 ft",
    "dwc:minimumElevationInMeters": 518.16,
    "dwc:scientificName": "Carex normalis Mackenzie",
    "dwc:taxonRank": "species",
    "dwc:scientificNameAuthorship": "Mackenzie",
    "dwc:verbatimLocality": "Dry roadside northwest of Laurel Hill, Corin. | COLLECTED BY",
    "dwc:eventDate": "1938-07-03",
    "dwc:verbatimEventDate": "July 3, 1938"
}