{
    "dwc:country": "USA",
    "dwc:recordedBy": "Kceraceae Acer | T IVON | M. Nees",
    "dwc:identifiedBy": "M. Nees",
    "dwc:recordNumber": "2014 | 3 | 43018\u201924\" | 33 | 35 | 6/252 | 60981",
    "dwc:stateProvince": "Wisconsin",
    "dwc:county": "Richland",
    "dwc:verbatimElevation": "alt. 218 m.",
    "dwc:minimumElevationInMeters": 218.0,
    "dwc:habitat": "floodplain | pine river | marsh",
    "dwc:genus": "Phalaris",
    "dwc:associatedTaxa": "associated: arundinacea | associated: Alnus incana subsp. rugosa | associated: Corylus americana | associated: Acer negundo",
    "dwc:scientificName": "Ulmus americana",
    "dwc:taxonRank": "species",
    "dwc:verbatimLocality": ", the other two | similar, the species gets much larger where. | Voucher for woods specimen, MADw; | this same individuals collected with mature | from another",
    "dwc:eventDate": "2014-07-05 | 2014-04-11",
    "dwc:verbatimEventDate": "5 July 2014 | 11 April 2014",
    "dwc:sex": "staminate | pistillate",
    "dwc:dynamicProperties": {
        "TRSPresent": "present",
        "partLocation": "below",
        "plantPart": "tree | trunk | twig | branch",
        "treeSize": "heightLowInCentimeters: 1500.0",
        "trunkSize": "diameterLowInCentimeters: 17.0",
        "leafPart": "leaf",
        "reproduction": "monoecious",
        "flowerPart": "flower",
        "maleFlowerPart": "anther",
        "pistillateStigmaColor": "red",
        "femaleFlowerPart": "stigma"
    }
}