{
    "dwc:stateProvince": "Texas",
    "dwc:recordedBy": "Jeff Davis | J. A. Moore | J. A. Steyermark",
    "dwc:recordNumber": "31",
    "dwc:genus": "Acacia",
    "dwc:verbatimLocality": "LO t. tall Gravelly float betuecn Big aguja and Bob fanning",
    "dwc:habitat": "canyon",
    "dwc:verbatimElevation": "Alto 1200 m.",
    "dwc:minimumElevationInMeters": 1200.0,
    "dwc:eventDate": "1931-06-16",
    "dwc:verbatimEventDate": "June 16 1931",
    "dwc:dynamicProperties": {
        "plantPart": "shrub"
    }
}