{
    "dwc:scientificName": "Ranunculus fascicularis Muhl",
    "dwc:taxonRank": "species",
    "dwc:scientificNameAuthorship": "Muhl",
    "dwc:stateProvince": "Texas",
    "dwc:county": "Brazos",
    "dwc:verbatimLocality": ": on roadside and in oak woods near Peach Creek in southern perto of county;",
    "dwc:recordedBy": "F. Fryxell",
    "dwc:eventDate": "1974-03-17",
    "dwc:verbatimEventDate": "Date: 17 March 1974",
    "dwc:recordNumber": "2239",
    "dwc:dynamicProperties": {
        "plantPart": "branch",
        "flowerPart": "flower",
        "flowerColor": "yellow"
    }
}