{
    "dwc:stateProvince": "New Mexico",
    "dwc:scientificName": "Ranunculus aquatilis L.",
    "dwc:taxonRank": "species",
    "dwc:scientificNameAuthorship": "Linnaeus",
    "dwc:recordedBy": "San Miguel | Las Vegas | JOHN R. CRUTCHFIELD | Richard S. Mitchell",
    "dwc:verbatimLocality": "Co.: submerged in | of water in Gallinas River, sand bottom, at Montezuma Seminary, approx.",
    "dwc:recordNumber": "1 | 5 | 3086",
    "dwc:eventDate": "1967-06-22",
    "dwc:verbatimEventDate": "June 22, 1967",
    "dwc:dynamicProperties": {
        "flowerPart": "flower",
        "flowerColor": "white"
    }
}