{
    "dwc:recordedBy": "NEW YORK | L. Sheer | Arthur Cronquist",
    "dwc:scientificName": "Eupatorium perfoliatum",
    "dwc:taxonRank": "species",
    "dwc:recordNumber": "2 | 14-20 | 11333",
    "dwc:county": "Clinton",
    "dwc:verbatimLocality": "Mixed hardwood and coniferous second growth woods on Ordovician limestone substrate in bottomlands along a small stream ca 5 km northwest of Sciota. | arising singly from a short rhizome",
    "dwc:associatedTaxa": "associated: timon | associated: inca",
    "dwc:eventDate": "1975-08-23",
    "dwc:verbatimEventDate": "23 August 1975",
    "dwc:dynamicProperties": {
        "stemSize": "uncertain: True ~ lengthLowInCentimeters: 10000.0 | heightLowInCentimeters: 60.0 ~ heightHighInCentimeters: 140.0",
        "plantPart": "stem",
        "flowerPart": "flower",
        "flowerColor": "white",
        "inflorescence": "head"
    }
}