{
    "dwc:recordedBy": "The New York | Tennessee. Hamilton | Julian Campbell",
    "dwc:family": "Oleaceae",
    "dwc:scientificName": "Fraxinus americana L.",
    "dwc:taxonRank": "species",
    "dwc:scientificNameAuthorship": "Linnaeus",
    "dwc:identifiedBy": "J. J. N. Campbell",
    "dwc:recordNumber": "2016 | 75 | 8 | 15 | 89",
    "dwc:country": "USA",
    "dwc:verbatimLocality": "Co. Interstate | exit ramp to Chattanooga | , 300 m Nof state line. | Valley: lowland | Sample preserved in silica gel at NY.",
    "dwc:verbatimCoordinates": "34.98861N,\n-85.20148W (WGS84",
    "dwc:geodeticDatum": "WGS84",
    "dwc:associatedTaxa": "associated: Fraxinus americana | associated: Prunus serotina | associated: Ulmus americana | associated: smallii | associated: Quercus phellos | associated: Pyrus calleryana | associated: bignonioides",
    "dwc:genus": "Celtis | Catalpa | Berchemia",
    "dwc:eventDate": "2016-10-14",
    "dwc:verbatimEventDate": "14 Oct 2016",
    "dwc:dynamicProperties": {
        "treeSize": "lengthLowInCentimeters: 500.0 | dbhLowInCentimeters: 25.0",
        "treeCount": "low: 205",
        "plantPart": "tree"
    }
}