{
    "dwc:stateProvince": "Maryland",
    "dwc:country": "USA",
    "dwc:scientificName": "Carex collinsii Nutt.",
    "dwc:taxonRank": "species",
    "dwc:scientificNameAuthorship": "Nutt",
    "dwc:county": "Worcester",
    "dwc:habitat": "creek | floodplain forest | plain",
    "dwc:verbatimLocality": "TNC Preserve, W shore of the Nassawango | Church Rd. | and mixed hardwoods | of large size. | groups that set conservation priorities: a case study from the | of eastern North America.",
    "dwc:recordNumber": "0 | 474 | 2017 | s10531-017-1420-y",
    "dwc:recordedBy": "Mt. Olive | J.E. Dorsey | NEW YORK | Mid-Atlantic Coastal | Biodivers Conserv",
    "dwc:verbatimCoordinates": "38.26278\u00b0N, 75.46278\u00b0 W",
    "dwc:genus": "Taxodium | Acer | Fraxinus | Nyssa | Liquidambar",
    "dwc:eventDate": "2015-05-26 | 1007-10",
    "dwc:verbatimEventDate": "26 May 2015 | : 10.1007",
    "dwc:associatedTaxa": "associated: surrogata",
    "dwc:dynamicProperties": {
        "plantPart": "tree"
    }
}