{
    "dwc:recordedBy": "The New York | New York. Westchester | Upper Shady | Joshua Hobby Lane | S. A. Mori | M. Rottman",
    "dwc:family": "Rosaceae",
    "dwc:scientificName": "Potentilla simplex Michx.",
    "dwc:taxonRank": "species",
    "dwc:scientificNameAuthorship": "Michx",
    "dwc:recordNumber": "2 | Nac2 | D1/7 | 4\"W\n146 | 28024",
    "dwc:identifiedBy": "S. A. Mori",
    "dwc:country": "USA",
    "dwc:verbatimLocality": "Zofnass Family Preserve. | Near east entrance, at the junction of | Eastern loop trail. | m. In open area between the road and the preserved. | arising from the basalt | palmately compound, the | trending to be | N.V. common cinquefoil",
    "dwc:verbatimCoordinates": "\n41\u00b010'53.1\"N, 73\u00b036'S.",
    "dwc:associatedTaxa": "associated: inca | associated: fertile",
    "dwc:eventDate": "2016-05-17",
    "dwc:verbatimEventDate": "17 May 2016",
    "dwc:dynamicProperties": {
        "leafWoodiness": "herb",
        "leafPart": "leaf | leaflet",
        "leafShape": "rosette",
        "plantPart": "stem",
        "habit": "prostrate",
        "leafletCount": "low: 5",
        "leafletSurface": "pubescent | glabrous",
        "flowerPart": "pedicel | sepal | petal",
        "sepalCount": "low: 10",
        "sepalColor": "green",
        "petalCount": "low: 5",
        "petalColor": "white",
        "maleFlowerPart": "filament | anther",
        "filamentColor": "yellow",
        "antherColor": "brown",
        "femaleFlowerPart": "carpel",
        "carpelColor": "yellow"
    }
}