{
    "dwc:stateProvince": "Maryland",
    "dwc:country": "USA",
    "dwc:scientificName": "Veronica agrestis Linnaeus",
    "dwc:taxonRank": "species",
    "dwc:scientificNameAuthorship": "Linnaeus",
    "dwc:verbatimLocality": "CO.: Town of Preston, Preston Police Department and Town Hall on Black Landing Road at Railroad Avenue, growing in gravel parking area.",
    "dwc:verbatimCoordinates": "\n38\u00b0 42' 25.23\" N, 75\u00b0 54' 24.41\" W",
    "dwc:eventDate": "2011-03-27",
    "dwc:verbatimEventDate": "27 March 2011",
    "dwc:recordedBy": "Wayne D. Longbottom"
}