{
    "dwc:recordedBy": "TEXAS LUDELL | JOHN R. CRUTCHFIELD",
    "dwc:scientificName": "Ludwigia peploides (H.B.K.) Raven",
    "dwc:taxonRank": "species",
    "dwc:scientificNameAuthorship": "H. B. K. Raven",
    "dwc:associatedTaxa": "associated: peploides",
    "dwc:county": "Llano",
    "dwc:recordNumber": "6 | 734 | 1982 | 1",
    "dwc:verbatimLocality": "NWof Llano on FM | growing in standing water in granitic area. | also in",
    "dwc:identifiedBy": "Stevens.E. Clemants",
    "dwc:eventDate": "1965-05-24",
    "dwc:verbatimEventDate": "May 24, 1965",
    "dwc:dynamicProperties": {
        "plantPart": "plant",
        "flowerPart": "flower",
        "flowerColor": "yellow",
        "fruitPart": "fruit"
    }
}