{
    "dwc:stateProvince": "Texas",
    "dwc:country": "USA",
    "dwc:family": "Amaranthaceae",
    "dwc:scientificName": "Amaranthus acanthochiton Sauer",
    "dwc:taxonRank": "species",
    "dwc:scientificNameAuthorship": "Sauer",
    "dwc:identifiedBy": "Raoul Gutierrez",
    "dwc:county": "Hudspeth",
    "dwc:verbatimLocality": "0.3 miles southwest of McNairy | Texas Highway | along FM | Associated spp",
    "dwc:recordNumber": "20 | 192 | 2183",
    "dwc:verbatimCoordinates": "\nN 31\u00b0 14' 20.4\", W 105\u00b0 47' 48.4\", 1087 m.",
    "dwc:coordinateUncertaintyInMeters": 1087.0,
    "dwc:habitat": "Chihuahuan Desert Scrub",
    "dwc:associatedTaxa": "associated: Senna bauhinioides | associated: Heliotropium greggii | associated: Linum aristatum | associated: Bouteloua barbata | associated: aristidoides | associated: Proboscidea althaeifolia",
    "dwc:genus": "Amaranthus | Bouteloua",
    "dwc:recordedBy": "Raoul Gutierrez | NY, GUMO, UTEP",
    "dwc:eventDate": "2008-09-18",
    "dwc:verbatimEventDate": "18 Sept 2008"
}