{
    "dwc:recordedBy": "LOUISIANA UNIVERSITY | R. Dalea Thomas",
    "dwc:stateProvince": "Arkansas",
    "dwc:county": "Bradley",
    "dwc:scientificName": "Ptilimnium costatum",
    "dwc:taxonRank": "species",
    "dwc:recordNumber": "E11 | 4 | 96999 | 2145",
    "dwc:verbatimLocality": "Recently clearcut woods near Lanark | beside a dirt road 3.1 miles south of Ark. | southwest of Banks",
    "dwc:associatedTaxa": "associated: herrei",
    "dwc:eventDate": "1986-06-17",
    "dwc:verbatimEventDate": "Date: 17 June 1986",
    "dwc:dynamicProperties": {
        "plantPart": "branch",
        "TRSPresent": "present"
    }
}