{
    "dwc:stateProvince": "Utah",
    "dwc:scientificName": "Eriogonum thompsoniae Watson\nvar. thompsoniae",
    "dwc:taxonRank": "variety",
    "dwc:scientificNameAuthorship": "Watson",
    "dwc:family": "Polygonaceae",
    "dwc:county": "Kane",
    "dwc:recordNumber": "SE4 | NAD83 | 25320",
    "dwc:verbatimLocality": "Colorado Plateau: south | of Bunting Trail, ca 1.5 miles Wolf Kanab Creek and ca 1.7 miles Nof the Arizona state line. | . UTM: zone 12 | Chinle badlands clay slopes of low knolls in open | community with understory of",
    "dwc:recordedBy": "Vermilion Cliffs | Walter Fertil",
    "dwc:genus": "Juniperus | Astragalus",
    "dwc:associatedTaxa": "associated: osteosperma | associated: Pinus edulis | associated: Hilaria jamesii | associated: Eriogonum thompsoniae | associated: praelongus",
    "dwc:eventDate": "2009-10-01",
    "dwc:verbatimEventDate": "1 October 2009",
    "dwc:verbatimElevation": "Elev. 5050 ft",
    "dwc:minimumElevationInMeters": 1539.24,
    "dwc:dynamicProperties": {
        "TRSPresent": "present",
        "base": "base",
        "subpartAsLocation": "at base"
    }
}