{
    "dwc:stateProvince": "Louisiana",
    "dwc:county": "Sabine",
    "dwc:scientificName": "Selaginella arenicola Underwood\nssp. riddellii",
    "dwc:taxonRank": "subspecies",
    "dwc:scientificNameAuthorship": "Underwood",
    "dwc:recordedBy": "Van Eselt | Toledo Bend | R. Dalea Thomas | Neill Carroll",
    "dwc:verbatimLocality": "Clear-cut longleaf pine woods west of La. | miles north of the spillway to",
    "dwc:recordNumber": "473,\n3 | 76589 | 3061",
    "dwc:habitat": "lake",
    "dwc:eventDate": "1981-05-21",
    "dwc:verbatimEventDate": "Date:21 May 1981",
    "dwc:dynamicProperties": {
        "TRSPresent": "present"
    }
}