{
    "dwc:stateProvince": "New Mexico",
    "dwc:county": "Socorro",
    "dwc:scientificName": "Asclepias subverticillata (Gray) Vail",
    "dwc:taxonRank": "species",
    "dwc:scientificNameAuthorship": "Gray Vail",
    "dwc:verbatimLocality": "25 miles north of Socorro at Jct.",
    "dwc:recordNumber": "60 | 5439",
    "dwc:habitat": "soil | canyon",
    "dwc:genus": "Larrea",
    "dwc:recordedBy": "Larry C. Higgins | WEST TEXAS",
    "dwc:eventDate": "1972-05-23",
    "dwc:verbatimEventDate": "23 May, 1972"
}