{
    "dwc:stateProvince": "Texas",
    "dwc:scientificName": "Viola triloba Schwein.",
    "dwc:taxonRank": "species",
    "dwc:scientificNameAuthorship": "Schwein",
    "dwc:associatedTaxa": "associated: Var. langloisia",
    "dwc:identifiedBy": "N. H. Russell",
    "dwc:verbatimLocality": "Co.: on forested north-facing slope along Big Cypress Bayou, opposite Jefferson.",
    "dwc:recordedBy": "D. S. Correct",
    "dwc:genus": "Helena",
    "dwc:recordNumber": "23552",
    "dwc:eventDate": "1961-03-23",
    "dwc:verbatimEventDate": "Date March 23, 1961",
    "dwc:dynamicProperties": {
        "flowerPart": "flower",
        "flowerColor": "purple"
    }
}