{
    "dwc:stateProvince": "New Mexico",
    "dwc:county": "Eddy",
    "dwc:scientificName": "Potamogeton illinoensis Morong",
    "dwc:taxonRank": "species",
    "dwc:scientificNameAuthorship": "Morong",
    "dwc:verbatimLocality": "rocky to gravelly soils; | Guadalupe Mountains; | HERBARIUM OF | STATE UNIVERSITY",
    "dwc:recordedBy": "Sitting Bull Falls | Acacia-Juglans-Sotol | Larry C. Higgins | WEST TEXAS",
    "dwc:eventDate": "1973-06-21",
    "dwc:verbatimEventDate": "21 Juan 1973",
    "dwc:recordNumber": "7379",
    "dwc:habitat": "canyon"
}