{
    "dwc:recordNumber": "F | 407 | 7000",
    "dwc:stateProvince": "Colorado",
    "dwc:scientificName": "Geranium caespitosum gracile (Engelm.)",
    "dwc:taxonRank": "subspecies",
    "dwc:scientificNameAuthorship": "Engelm",
    "dwc:recordedBy": "A. Nels | Norwood Hill | San Miguel | Ernest P. Walker",
    "dwc:verbatimLocality": "Cool moist canyon.",
    "dwc:eventDate": "1912-08-10",
    "dwc:verbatimEventDate": "Aug. 10, 1912",
    "dwc:dynamicProperties": {
        "TRSPresent": "present"
    }
}