{
    "dwc:recordNumber": "369420 | 21367 | 5",
    "dwc:stateProvince": "New Mexico",
    "dwc:county": "Santa Fe",
    "dwc:country": "USA",
    "dwc:scientificName": "Sphaeralcea digitata (Greene) Rydb.",
    "dwc:taxonRank": "species",
    "dwc:scientificNameAuthorship": "Greene Rydb",
    "dwc:recordedBy": "Hyde Park | Cerros Colorados | D. Atwood | BRIGHAM YOUNG UNIVERSITY",
    "dwc:verbatimLocality": "Road at the junction of og | community in red gravels.",
    "dwc:habitat": "pinyon juniper",
    "dwc:eventDate": "1996-08-16",
    "dwc:verbatimEventDate": "16 August 1996"
}