{
    "dwc:recordNumber": "5 | 573",
    "dwc:country": "USA",
    "dwc:stateProvince": "Florida",
    "dwc:family": "Celastraceae",
    "dwc:scientificName": "Maytenus phyllanthoides Bentham",
    "dwc:taxonRank": "species",
    "dwc:scientificNameAuthorship": "Bentham",
    "dwc:identifiedBy": "W.S. Judd",
    "dwc:eventDate": "2004-05 | 2004-05-21",
    "dwc:verbatimEventDate": "May 2004 | 21 May 2004",
    "dwc:county": "Levy",
    "dwc:verbatimLocality": "locality removed | On slight shells mound in open salt marsh of coastal island. | red arils apparent. | stunted and drying | Collette C.",
    "dwc:associatedTaxa": "associated: Juniperus virginiana | associated: frutescens | associated: Limonium carolinianum",
    "dwc:verbatimCoordinates": "Lat. 29.218917N Long. 83.068115W",
    "dwc:recordedBy": "Steven Barlow",
    "dwc:dynamicProperties": {
        "plantPart": "shrub",
        "shrubSize": "heightLowInCentimeters: 200.0",
        "fruitPart": "fruit",
        "fruitCount": "low: 3"
    }
}