{
    "dwc:recordNumber": "3 | 1022",
    "dwc:country": "USA",
    "dwc:stateProvince": "Florida",
    "dwc:family": "Arecaceae",
    "dwc:verbatimLocality": "Phoenix cf. | Kanapaha Botanical Gardens; | . Open mowed area. | tall, bottom | with adhering leaf bases. | stiff, horizontal to | and not drooping at the tips. | coming off the | horizontally to almost vertically; | with very sharp",
    "dwc:associatedTaxa": "associated: sylvestris | associated: acanthophyllus",
    "dwc:county": "Alachua",
    "dwc:recordedBy": "The Palm | S. Barry Davis | K. Davis | Willd Date Palm",
    "dwc:habitat": "hammock",
    "dwc:verbatimCoordinates": "Lat. 29.61292\u00b0N Long. 082.40787 \u201cW Datum: WGS84",
    "dwc:geodeticDatum": "WGS84",
    "dwc:eventDate": "2004-04-10",
    "dwc:verbatimEventDate": "10 April 2004",
    "dwc:dynamicProperties": {
        "plantPart": "tree | trunk | rachis",
        "treeRachillaSize": "uncertain: True ~ lengthLowInCentimeters: 609.6",
        "trunkLeafBaseSize": "lengthLowInCentimeters: 243.84",
        "leafPart": "leaf | leaflet",
        "habit": "ascending",
        "leafTipSize": "uncertain: True ~ lengthLowInCentimeters: 300.0",
        "leafletColor": "green | blue",
        "partLocation": "beneath | abaxial",
        "rachisColor": "blue",
        "rachisSpineSize": "lengthLowInCentimeters: 40.0 ~ lengthHighInCentimeters: 50.0",
        "rachisSpine": "spine",
        "inflorescence": "inflorescence",
        "inflorescenceColor": "brown",
        "peduncleColor": "green-yellow",
        "flowerPart": "peduncle",
        "peduncleRachillaColor": "green-yellow",
        "peduncleRachilla": "rachilla",
        "fruitPart": "fruit",
        "fruitColor": "green"
    }
}