{
    "dwc:stateProvince": "Arizona",
    "dwc:scientificName": "Eleocharis montevidensis Kunth.",
    "dwc:taxonRank": "species",
    "dwc:scientificNameAuthorship": "Kunth",
    "dwc:verbatimLocality": "LOOP In moist sand, Sabino | miles southwest of Summerh Trail road just west of Bear Canyon road;",
    "dwc:habitat": "creek",
    "dwc:verbatimElevation": "elevation: 2,600 feet",
    "dwc:minimumElevationInMeters": 792.48,
    "dwc:county": "Pima",
    "dwc:recordedBy": "M. E. Goldstein",
    "dwc:eventDate": "1972-04-25",
    "dwc:verbatimEventDate": "April 25, 1972"
}