{
    "dwc:family": "Hydrocharitaceae",
    "dwc:verbatimLocality": "NEW MEXICO | Carson National Forest and Vicinity: Sangre de Cristo Range: Eagle Nest Lake west shore | State Park main entrance from U.S. Hwy | air Soft | shore and adjacent uplands.",
    "dwc:country": "USA",
    "dwc:scientificName": "Elodea canadensis Michx.",
    "dwc:taxonRank": "species",
    "dwc:scientificNameAuthorship": "Michx",
    "dwc:county": "Taos",
    "dwc:recordedBy": "Eagle Nest | Jill E. Larsson",
    "dwc:habitat": "lake",
    "dwc:recordNumber": "64 | 1 | 2562",
    "dwc:verbatimCoordinates": "\n36.5367\u00b0 N, 105.2648\u00b0 W",
    "dwc:eventDate": "2005-07-18",
    "dwc:verbatimEventDate": "18 July 2005",
    "dwc:verbatimElevation": "Elev. 8,175 ft",
    "dwc:minimumElevationInMeters": 2491.74
}