{
    "dwc:stateProvince": "Minnesota",
    "dwc:county": "Polk",
    "dwc:scientificName": "Carex brevior (Drew.) MacKenz.",
    "dwc:taxonRank": "species",
    "dwc:scientificNameAuthorship": "Drew MacKenz",
    "dwc:verbatimLocality": "Pankratz prairie North: The Nature Conservancy | 7 miles southeast of Crookston | W. West prairie | Natural Area Inventory Project | required to collect",
    "dwc:recordNumber": "8 | 181",
    "dwc:recordedBy": "Pe. Farrell",
    "dwc:identifiedBy": "Geraldo Wheeler",
    "dwc:eventDate": "1979-08-08",
    "dwc:verbatimEventDate": "Date: 8 August 1979",
    "dwc:associatedTaxa": "associated: fici",
    "dwc:dynamicProperties": {
        "TRSPresent": "present",
        "plantPart": "plant"
    }
}