{
    "dwc:stateProvince": "Minnesota",
    "dwc:county": "Aitkin",
    "dwc:country": "USA",
    "dwc:scientificName": "Carex cephalantha (Bailey) Bickn. | Carex lasiocarpa var. americana and C. oligosperma",
    "dwc:taxonRank": "species",
    "dwc:scientificNameAuthorship": "Bailey Bickn",
    "dwc:recordNumber": "3 | 24 | 19053",
    "dwc:verbatimLocality": "miles northwest of | sedge mata around a small un | dominated by | Associated with",
    "dwc:recordedBy": "Glen. Floating | Welby R Smith",
    "dwc:habitat": "lake",
    "dwc:associatedTaxa": "associated: Chamaedaphne calyculata var. angustifolia | associated: arundinaceum | associated: Vaccinium macrocarpon",
    "dwc:genus": "Dulichium",
    "dwc:verbatimCoordinates": "Lat. 46\u00b0 26\u2019 58\" N Long. 93\u00b0 34' 11\" W",
    "dwc:eventDate": "1991-06-30",
    "dwc:verbatimEventDate": "06/30/91",
    "dwc:dynamicProperties": {
        "TRSPresent": "present"
    }
}