{
    "dwc:stateProvince": "Arizona",
    "dwc:recordNumber": "408174 | 93 | 26351 | 6",
    "dwc:county": "Mohave",
    "dwc:country": "USA",
    "dwc:scientificName": "Astragalus allochrous var. playanus",
    "dwc:taxonRank": "variety",
    "dwc:recordedBy": "M.E.Jones | Wikieup. Sandy | Larrea, Chrysothamnus, Acacia | Stanley L. Welsh | Brigham Young | University, Provo, Utah",
    "dwc:verbatimLocality": "Along Hwy. | Higgins, L.C.",
    "dwc:verbatimElevation": "Elev. 2200 ft",
    "dwc:minimumElevationInMeters": 670.56,
    "dwc:eventDate": "2005-04-08",
    "dwc:verbatimEventDate": "08-Apr-2005"
}