{
    "dwc:stateProvince": "Colorado",
    "dwc:scientificName": "Ipomopsis aggregata (Pursh) V. Grant\nvar. aggregata",
    "dwc:taxonRank": "variety",
    "dwc:scientificNameAuthorship": "Pursh V. Grant",
    "dwc:verbatimLocality": "scattered along road with | south exposure. | White River National Forest Boundary at Miller Creek.",
    "dwc:genus": "Artemisia | Lithospermum | Poa",
    "dwc:habitat": "soil",
    "dwc:county": "Rio Blanco",
    "dwc:verbatimCoordinates": "\n39\u00b0 53' N - 107\u00b0 46' W",
    "dwc:recordNumber": "2190 | 161",
    "dwc:eventDate": "1981-06-05",
    "dwc:verbatimEventDate": "5 June 1981",
    "dwc:recordedBy": "Steven O.Kane, Jr.",
    "dwc:dynamicProperties": {
        "flowerPart": "corolla",
        "corollaColor": "red"
    }
}