{
    "dwc:stateProvince": "Minnesota",
    "dwc:county": "Steele",
    "dwc:scientificName": "Rubus occidentalis L.",
    "dwc:taxonRank": "species",
    "dwc:scientificNameAuthorship": "Linnaeus",
    "dwc:habitat": "forest",
    "dwc:verbatimLocality": "walnut on slope | Lermond Road, Owatonna. | Primor- and floricanes collected and mounted separately.",
    "dwc:recordedBy": "Robert B. Kaulf",
    "dwc:recordNumber": "7644",
    "dwc:dynamicProperties": {
        "fruitColor": "black | green",
        "partLocation": "above",
        "fruitPart": "fruit"
    }
}