{
    "dwc:scientificName": "Spiraea alba Duro",
    "dwc:taxonRank": "species",
    "dwc:scientificNameAuthorship": "Duro",
    "dwc:county": "Isanti",
    "dwc:verbatimLocality": "N R22WNW1/4 of the SW1/4 of S21 Site description: Scrub- shrub zone of floodplain of West | of Sunrise | and its associated floodplain have been significantly ditched. | Floodplain is not a floating mata.",
    "dwc:habitat": "river | stream",
    "dwc:associatedTaxa": "associated: Salix discolor | associated: petiolaris | associated: Carex lacustris",
    "dwc:genus": "Salix",
    "dwc:recordedBy": "D. M. Mersing",
    "dwc:recordNumber": "95-452",
    "dwc:eventDate": "1995-09-01",
    "dwc:verbatimEventDate": "1 September 1995",
    "dwc:dynamicProperties": {
        "plantPart": "branch"
    }
}