{
    "dwc:recordedBy": "SAINT PAULO | Mark G. Noble",
    "dwc:stateProvince": "Alaska",
    "dwc:scientificName": "Chenopodium rubrum L.",
    "dwc:taxonRank": "species",
    "dwc:scientificNameAuthorship": "Linnaeus",
    "dwc:verbatimLocality": "Occasional on brackish sand flat with | From site deglaciated ca. | at Muir Point, Glacier Bay National Monument, Alaska, Research voucher.",
    "dwc:associatedTaxa": "associated: Honckenya peploides | associated: maritima | associated: canadensis",
    "dwc:genus": "Plantago | Spergularia",
    "dwc:recordNumber": "1880 | 321",
    "dwc:eventDate": "1974-08-03",
    "dwc:verbatimEventDate": "Date August 3, 1974"
}