{
    "dwc:scientificName": "Hordeum pusillum Nutt.",
    "dwc:taxonRank": "species",
    "dwc:scientificNameAuthorship": "Nutt",
    "dwc:identifiedBy": "Michael Schiebout",
    "dwc:country": "USA",
    "dwc:stateProvince": "New Mexico",
    "dwc:county": "Quay",
    "dwc:verbatimLocality": "road miles east of NM State Hwy | , at Tuscocoillo Canyon. | Rocky outcrops on",
    "dwc:recordNumber": "469 | 9738 | 10444",
    "dwc:verbatimElevation": "Elevation: 1195 m",
    "dwc:minimumElevationInMeters": 1195.0,
    "dwc:verbatimCoordinates": "\n35\u00b018'08\"N, 103\u00b018'11\"W",
    "dwc:habitat": "steppe",
    "dwc:recordedBy": "Neill Snow",
    "dwc:eventDate": "2005-05-10",
    "dwc:verbatimEventDate": "10/May/2005"
}