{
    "dwc:stateProvince": "Minnesota",
    "dwc:county": "Winona",
    "dwc:scientificName": "Solidago speciosa Nutt.",
    "dwc:taxonRank": "species",
    "dwc:scientificNameAuthorship": "Nutt",
    "dwc:verbatimLocality": "NW SWE section | State Park. | Just SWof the junction of State Highway | and County Road 39. | rocky prairie on steep NW facing bluff overlooking | Associated with | DNR permit",
    "dwc:recordNumber": "16 | 74 | 3299 | 1936",
    "dwc:recordedBy": "White Water | Welby Re Smith",
    "dwc:genus": "Spiranthes",
    "dwc:associatedTaxa": "associated: punctata | associated: Aster ptarmicoides | associated: A. sericeus | associated: Silphium laciniatum | associated: Bromus kalmii | associated: Baptisia leucophaea",
    "dwc:eventDate": "1979-09-10",
    "dwc:verbatimEventDate": "Date Sept 10, 1979",
    "dwc:dynamicProperties": {
        "TRSPresent": "present"
    }
}