{
    "dwc:stateProvince": "Minnesota",
    "dwc:county": "Freeborn",
    "dwc:scientificName": "Hierochloe odorata (L.) Beauv.",
    "dwc:taxonRank": "species",
    "dwc:scientificNameAuthorship": "Linnaeus, Beauv",
    "dwc:recordNumber": "4 | 46 | 3851",
    "dwc:verbatimLocality": "miles east-northeast of Hayward. | Prairie strip between County Highway | and the Chicago, Milwaukee | and Pacific Railroad. | Occasional in low area.",
    "dwc:recordedBy": "St. Paulo | Welby R. Smith",
    "dwc:eventDate": "1981-05-19",
    "dwc:verbatimEventDate": "Date May 19, 1981",
    "dwc:dynamicProperties": {
        "TRSPresent": "present"
    }
}