{
    "dwc:stateProvince": "Minnesota",
    "dwc:scientificName": "Digitaria ischaemum (Schreber) Muhl.",
    "dwc:taxonRank": "species",
    "dwc:scientificNameAuthorship": "Schreber Muhl",
    "dwc:county": "Scott",
    "dwc:verbatimLocality": "SWof SW. | Approximately 0.1 miles north-northeast of intersection of State Highway | and County Road 44 on north side of highway. | in gravelly parking area | occasionally mown",
    "dwc:recordNumber": "13 | 183",
    "dwc:associatedTaxa": "associated: house",
    "dwc:genus": "Eragrostis | Polygonum | Chenopodium",
    "dwc:recordedBy": "Jonathan L. Hagerman",
    "dwc:eventDate": "1995-09-30",
    "dwc:verbatimEventDate": "30 Sept 1995",
    "dwc:dynamicProperties": {
        "TRSPresent": "present"
    }
}