{
    "dwc:scientificName": "Koeleria pyramidata",
    "dwc:taxonRank": "species",
    "dwc:stateProvince": "Minnesota",
    "dwc:county": "Ramsey",
    "dwc:verbatimLocality": "Arden Hills Twin Cities Army Ammunition | Training Site Grassland management unit | Central part of N. NEV.",
    "dwc:recordedBy": "Arden Hills Army | Wade J. Hammer",
    "dwc:recordNumber": "32 | 23",
    "dwc:habitat": "Uppland grassland restoration zona human made terrace, dense soil (compacted) and many small cottonwoods encroaching",
    "dwc:eventDate": "2002-07-12",
    "dwc:verbatimEventDate": "12 July 2002",
    "dwc:dynamicProperties": {
        "plantPart": "plant",
        "plantCount": "low: 16"
    }
}