{
    "dwc:stateProvince": "Minnesota",
    "dwc:county": "Anoka",
    "dwc:country": "USA",
    "dwc:scientificName": "Lathyrus ochroleucus Hook.",
    "dwc:taxonRank": "species",
    "dwc:scientificNameAuthorship": "Hook",
    "dwc:verbatimLocality": "Lamprey Pass State Wildlife Management Area, about two miles southwest of | on sandy soil. | Occasional in grassy opening.",
    "dwc:habitat": "forest lake | mesic deciduous forest",
    "dwc:associatedTaxa": "associated: Trillium cernuum | associated: Plus abortivus | associated: Cryptotaenia canadensis | associated: Phryma leptostachya",
    "dwc:verbatimCoordinates": "45\u00b0 09\u2019 45\"N | 90\u00b0 01\u2019 40\" W",
    "dwc:recordedBy": "Welby R. Smith",
    "dwc:recordNumber": "11467",
    "dwc:eventDate": "1986-05-17",
    "dwc:verbatimEventDate": "Date May 17. 1986",
    "dwc:dynamicProperties": {
        "TRSPresent": "present"
    }
}