{
    "dwc:recordedBy": "M MINNESOTA | Grey Eagle | Eagle. Graded | Welby R Smith",
    "dwc:stateProvince": "Minnesota",
    "dwc:county": "Todd",
    "dwc:country": "USA",
    "dwc:scientificName": "Melilotus alba Medica",
    "dwc:taxonRank": "subspecies",
    "dwc:verbatimLocality": "State Wildlife Management Area, about | miles west of Grey | area along edge of gravel road. | Associated with",
    "dwc:recordNumber": "3 | 10 | 18974",
    "dwc:genus": "Polygonum",
    "dwc:associatedTaxa": "associated: Capsella bursa | associated: - pastoris | associated: Trifolium repens",
    "dwc:verbatimCoordinates": "Lat. 45\u00b0 49' 9\" N Long. 94\u00b0 48' 57\" W",
    "dwc:eventDate": "1991-06-25",
    "dwc:verbatimEventDate": "06/25/91",
    "dwc:dynamicProperties": {
        "TRSPresent": "present"
    }
}