{
    "dwc:scientificName": "Agastache scrophulariaefolia (Willd.) Kuntze.",
    "dwc:taxonRank": "species",
    "dwc:scientificNameAuthorship": "Willd Kuntze",
    "dwc:habitat": "creek | woodlands | meadow",
    "dwc:verbatimLocality": "Natural Area | miles southeast of Rush City. | Edge of",
    "dwc:recordNumber": "5 | 119",
    "dwc:recordedBy": "Basswood-Elm-Yellow | Ve Phelps",
    "dwc:associatedTaxa": "associated: Eupatorium rugosum | associated: E. maculatum",
    "dwc:genus": "Matteuccia",
    "dwc:eventDate": "1980-08-26",
    "dwc:verbatimEventDate": "Date: 26 August 1980",
    "dwc:dynamicProperties": {
        "TRSPresent": "present",
        "plantPart": "plant"
    }
}