{
    "dwc:genus": "Betula",
    "dwc:associatedTaxa": "associated: sandbergii | associated: Betula papyrifera | associated: B. pumila var. glandulifera | associated: Populus tremuloides | associated: Cornus stolonifera",
    "dwc:verbatimLocality": "probably backcross to | 5 miles F of Cedar in | bog just Nof Co. Road 22 | tall with 5 | Open fairly west part of bog; | Associated with | many Seitz.",
    "dwc:scientificName": "B. pumila",
    "dwc:taxonRank": "species",
    "dwc:stateProvince": "Minnesota",
    "dwc:county": "Anoka",
    "dwc:habitat": "soil",
    "dwc:recordedBy": "K. E. Clausen",
    "dwc:recordNumber": "304",
    "dwc:eventDate": "1958-06-08",
    "dwc:verbatimEventDate": "Date 6-8-1958",
    "dwc:dynamicProperties": {
        "shrubGland": "gland",
        "TRSPresent": "present",
        "plantPart": "shrub | stem | bark",
        "barkColor": "red-brown"
    }
}