{
    "dwc:stateProvince": "Minnesota",
    "dwc:county": "Wabasha",
    "dwc:scientificName": "Carex pensylvanica Lam.",
    "dwc:taxonRank": "species",
    "dwc:scientificNameAuthorship": "Lam",
    "dwc:verbatimLocality": "Approximately 2.5 miles southeast of Lake City on Highway 4. | mesic hardwoods stand just west of the | lIN RlZW Sec.",
    "dwc:associatedTaxa": "associated: inca",
    "dwc:recordNumber": ".\nT11 | 23 | 3606",
    "dwc:recordedBy": "Geraldo A. Wheeler",
    "dwc:eventDate": "1979-06-03",
    "dwc:verbatimEventDate": "Date June 3, 1979",
    "dwc:dynamicProperties": {
        "plantPart": "plant"
    }
}