{
    "dwc:stateProvince": "Minnesota",
    "dwc:county": "Cook",
    "dwc:country": "USA",
    "dwc:scientificName": "Betula papyrifera Marsh.",
    "dwc:taxonRank": "species",
    "dwc:scientificNameAuthorship": "Marsh",
    "dwc:verbatimLocality": "On the north side of Boulder Lake, about 15 miles north of Lutsen. | dominated by",
    "dwc:habitat": "pine forest",
    "dwc:associatedTaxa": "associated: Pinus banksiana",
    "dwc:recordNumber": "19 | 32164 | 15438",
    "dwc:verbatimCoordinates": "Lat. 47\u00b0 50' 34\" N Long. 90\u00b0 45' 44\" W",
    "dwc:recordedBy": "Welby R Smith",
    "dwc:eventDate": "2010-08-29",
    "dwc:verbatimEventDate": "August 29, 2010"
}