{
    "dwc:stateProvince": "California",
    "dwc:county": "Plumas",
    "dwc:scientificName": "Arnica mollis Hook.",
    "dwc:taxonRank": "species",
    "dwc:scientificNameAuthorship": "Hook",
    "dwc:family": "Asteraceae",
    "dwc:habitat": "lake",
    "dwc:verbatimCoordinates": "694 923E 43 97 615N",
    "dwc:verbatimLocality": "Rim at about | in elevation, growing | moist places | a snow bank.",
    "dwc:recordNumber": "7040 | 43153",
    "dwc:associatedTaxa": "associated: inca",
    "dwc:recordedBy": "G.L. Clifton",
    "dwc:eventDate": "2004-07-28",
    "dwc:verbatimEventDate": "Date: 07/28/2004",
    "dwc:dynamicProperties": {
        "treeRimCount": "low: 39",
        "plantPart": "tree",
        "partLocation": "below"
    }
}