{
    "dwc:stateProvince": "Minnesota",
    "dwc:county": "Lake",
    "dwc:scientificName": "Juncus alpinus Villa.",
    "dwc:taxonRank": "species",
    "dwc:scientificNameAuthorship": "Villa",
    "dwc:verbatimLocality": "Five miles west of Silver Bay; | Mile-post | near the entrance gate Disturbed area;",
    "dwc:habitat": "lake | dry sandy soil",
    "dwc:recordNumber": "7",
    "dwc:recordedBy": "Geraldo A. Wheeler",
    "dwc:eventDate": "1975-08-06",
    "dwc:verbatimEventDate": "Date August 6, 1975",
    "dwc:dynamicProperties": {
        "habit": "lax"
    }
}