{
    "dwc:recordNumber": "322 | 15 | 11-1)-2371 | 7",
    "dwc:recordedBy": "RUDBECKIA LACINIATA | U. S. ATOMIC | ENERGY COMMISSION CONTRACTA | Gregory Kunkel | Leila Schultz | W. A. Weber",
    "dwc:habitat": "meadow | rocky flats",
    "dwc:eventDate": "1973-07-16 | 2010-02-03 | 2015-11-14",
    "dwc:verbatimEventDate": "16 July 1973 | 2, 3, 10 | 11, 14, 15",
    "dwc:stateProvince": "Colorado",
    "dwc:county": "Jefferson",
    "dwc:dynamicProperties": {
        "TRSPresent": "present"
    }
}