{
    "dwc:stateProvince": "Minnesota",
    "dwc:county": "Koochiching",
    "dwc:country": "USA",
    "dwc:scientificName": "Rudbeckia hirta",
    "dwc:taxonRank": "species",
    "dwc:associatedTaxa": "associated: L. var. pulcherrima | associated: conifer",
    "dwc:verbatimLocality": "At the Sturgeon River Landing, on the south bank of the Sturgeon | miles west-northwest of | In grassy opening in mixed hardwood",
    "dwc:habitat": "river | forest",
    "dwc:recordNumber": "4 | 25 | 29 | 24831",
    "dwc:recordedBy": "Big Falls | T ISSNR | Welby R Smith",
    "dwc:verbatimCoordinates": "Lat. 48\u00b0 12\u2019 42\" N Long. 93\u00b0 53' 1\" W",
    "dwc:eventDate": "1994-07-14",
    "dwc:verbatimEventDate": "July 14, 1994"
}