{
    "dwc:stateProvince": "Minnesota",
    "dwc:county": "Sherburne",
    "dwc:country": "USA",
    "dwc:scientificName": "Senecio plattensis Nutt.",
    "dwc:taxonRank": "species",
    "dwc:scientificNameAuthorship": "Nutt",
    "dwc:verbatimLocality": "Sherburne National Wildlife Refuge, about | miles southeast of",
    "dwc:recordNumber": "2'2 | 11823",
    "dwc:recordedBy": "Santiago. Loose | Welby R. Smith",
    "dwc:habitat": "sandy soil | savanna",
    "dwc:associatedTaxa": "associated: Lithospermum caroliniense | associated: Solidago nemoralis | associated: Petalostemum villosum | associated: Calamovilfa longifolia",
    "dwc:genus": "Lupinus",
    "dwc:verbatimCoordinates": "45\u00b0 30\u2019 27\"N | 93\u00b0 47\u2019 38\"W",
    "dwc:eventDate": "1986-06-15",
    "dwc:verbatimEventDate": "Date June 15, 1986",
    "dwc:dynamicProperties": {
        "TRSPresent": "present"
    }
}