{
    "dwc:stateProvince": "Minnesota",
    "dwc:county": "Washington",
    "dwc:country": "USA",
    "dwc:scientificName": "Cannabis sativa L.",
    "dwc:taxonRank": "species",
    "dwc:scientificNameAuthorship": "Linnaeus",
    "dwc:recordedBy": "Grove Ravine Regional | Grove. Sandy | Welby R. Smith",
    "dwc:recordNumber": "2 | 4 | 14565",
    "dwc:verbatimLocality": "miles southeast of Cottage",
    "dwc:habitat": "along the north shore of a small unnamed lake",
    "dwc:associatedTaxa": "associated: Cyperus erythrorhizos | associated: Polygonum punctatum | associated: Rumex maritimus",
    "dwc:verbatimCoordinates": "44\u00b0 48\u2019 28\u2019N | 92\u00b0 54\u201912W",
    "dwc:eventDate": "1988-07-20",
    "dwc:verbatimEventDate": "July 20, 1988",
    "dwc:dynamicProperties": {
        "TRSPresent": "present"
    }
}