{
    "dwc:scientificName": "Rhus aromatica Aiton var. trilobata (Nutt.)",
    "dwc:taxonRank": "variety",
    "dwc:scientificNameAuthorship": "Aiton | Nutt",
    "dwc:associatedTaxa": "associated: A. Gray subsp. rana",
    "dwc:recordedBy": "S. Watson | Jim O.Bryant | MS Thesis | Michael Schiebout",
    "dwc:country": "USA",
    "dwc:stateProvince": "New Mexico",
    "dwc:county": "Union",
    "dwc:verbatimLocality": "miles north of Clayton on NM Hwy | Shortgrass prairie that has not been grazed recently and up the canyon walls and on top of the | ancient larva flows",
    "dwc:recordNumber": "370 | 2586 | 13179",
    "dwc:verbatimElevation": "Elevation 1516 m.",
    "dwc:minimumElevationInMeters": 1516.0,
    "dwc:verbatimCoordinates": "36\u00b029'45\"N, 103\u00b011'25\"W",
    "dwc:habitat": "canyon",
    "dwc:eventDate": "2004-08-09",
    "dwc:verbatimEventDate": "09/Aug/2004"
}