{
    "dwc:recordNumber": "3 | 204 | 10.\nD",
    "dwc:genus": "Pentalinon",
    "dwc:verbatimLocality": "d USDA ns | Old Cutler Road, Miami. | succulent, copiously | Lo abris age.",
    "dwc:stateProvince": "Florida",
    "dwc:scientificName": "Urechites pinetorum Small\nvar. sericea",
    "dwc:taxonRank": "variety",
    "dwc:scientificNameAuthorship": "Small",
    "dwc:recordedBy": "Lone. Dade | Rose Broome | O Lakela | Staege Florala",
    "dwc:eventDate": "2003-03-07",
    "dwc:verbatimEventDate": "7 March 3",
    "dwc:dynamicProperties": {
        "leafPart": "leaf",
        "leafSurface": "pubescent",
        "flowerPart": "corolla",
        "corollaSurface": "pubescent"
    }
}