{
    "dwc:scientificName": "Mentzelia albicaulis (Dougl.) Rydb.",
    "dwc:taxonRank": "species",
    "dwc:scientificNameAuthorship": "Dougl Rydb",
    "dwc:family": "Loasaceae",
    "dwc:country": "USA",
    "dwc:stateProvince": "Colorado",
    "dwc:county": "Archuleta",
    "dwc:recordNumber": ",T | 151 | 6325",
    "dwc:recordedBy": "Southern Ute Indiana",
    "dwc:verbatimLocality": "Reservation North of Arboles on State Hwy. | to dirt road north of Navajo Reservoir; | 1.1 miles east of jet. | Heil, Kern",
    "dwc:verbatimCoordinates": "N 37 degrees 03'6\" W 107 degrees 24'18\"",
    "dwc:habitat": "pinyon juniper",
    "dwc:eventDate": "1998-05-29",
    "dwc:verbatimEventDate": "29 May 1998"
}