{
    "dwc:habitat": "lake",
    "dwc:scientificName": "Lycopodium obscurum L.",
    "dwc:taxonRank": "species",
    "dwc:scientificNameAuthorship": "Linnaeus",
    "dwc:verbatimLocality": "Stony Corners trail | Occas ional flat site. | Coll Janet t",
    "dwc:genus": "Betula",
    "dwc:recordedBy": "S. Bore Date",
    "dwc:eventDate": "2019-07-01",
    "dwc:verbatimEventDate": "1 July 19",
    "dwc:recordNumber": "79\n1 | 7!9",
    "dwc:dynamicProperties": {
        "TRSPresent": "present"
    }
}