{
    "dwc:stateProvince": "Minnesota",
    "dwc:county": "Nicollet",
    "dwc:country": "USA",
    "dwc:scientificName": "Ellisia nyctelea (L.) L. Swan",
    "dwc:taxonRank": "species",
    "dwc:scientificNameAuthorship": "Linnaeus, Swan",
    "dwc:habitat": "lake",
    "dwc:recordedBy": "North Star Supplement | Rolfe M Dahlem",
    "dwc:verbatimLocality": "about four miles south of Nicollet. | O9N R28W NEY of SWof Sec",
    "dwc:recordNumber": "28 | 94021",
    "dwc:eventDate": "1994-05-19",
    "dwc:verbatimEventDate": "May 19, 1994",
    "dwc:dynamicProperties": {
        "TRSPresent": "present"
    }
}