{
    "dwc:stateProvince": "Minnesota",
    "dwc:family": "Malvaceae",
    "dwc:scientificName": "Abutilon theophrasti Medikus",
    "dwc:taxonRank": "species",
    "dwc:scientificNameAuthorship": "Medikus",
    "dwc:country": "USA",
    "dwc:county": "Washington",
    "dwc:verbatimLocality": "Lost Valley Prairie Scientific and Natural Area, 2 miles east north east of intersection of State Highway 95 and 110th Street, at dead-end of Nyberg Avenue South. | , formerly cultivated. | on gopher mound.",
    "dwc:recordNumber": ",1-92.826175W | 2672 | 2020-022R",
    "dwc:verbatimElevation": "Elev: 279m.",
    "dwc:minimumElevationInMeters": 279.0,
    "dwc:habitat": "field | soil",
    "dwc:associatedTaxa": "associated: Poa pratensis | associated: Solidago canadensis | associated: Solidago missouriensis | associated: Ratibida pinnata | associated: canadense | associated: Myosoton aquaticum | associated: Bromus inermis",
    "dwc:genus": "Teucrium",
    "dwc:recordedBy": "T. J. S. Whitfield",
    "dwc:eventDate": "2020-07-17",
    "dwc:verbatimEventDate": "17 July 2020",
    "dwc:dynamicProperties": {
        "flowerSize": "lengthLowInCentimeters: 300.0",
        "flowerPart": "flower",
        "flowerColor": "orange"
    }
}