{
    "dwc:scientificName": "Pectocarya penicillata (He & Ae)",
    "dwc:taxonRank": "species",
    "dwc:scientificNameAuthorship": "He and Ae",
    "dwc:stateProvince": "California",
    "dwc:county": "Kern",
    "dwc:verbatimLocality": "Locality mi. | Greenhorn Mts, At | Ft Drainage Area. | sand Vega Type Mojave",
    "dwc:recordedBy": "Qf Walker Pass | Mt. Range | Solo Granitic | Joshua IreeWoodland | Slope Steep | Geoffrey Levin",
    "dwc:recordNumber": "18 | SOTO00",
    "dwc:habitat": "river | desert",
    "dwc:eventDate": "1976-05-06",
    "dwc:verbatimEventDate": "Date 6 May 1976"
}