{
    "dwc:stateProvince": "Utah",
    "dwc:county": "Cache",
    "dwc:country": "USA",
    "dwc:recordNumber": "238105 | 8500 | 2037",
    "dwc:scientificName": "Wyethia amplexicaulis (Nutt.) Nutt.",
    "dwc:taxonRank": "species",
    "dwc:scientificNameAuthorship": "Nutt Nutt",
    "dwc:recordedBy": "Logan Canyon | Tony Grove | K Thorne | BRIGHAM YOUNG UNIVERSITY",
    "dwc:verbatimLocality": "road to | ft elev. | juniper, mixed Douglas fir.",
    "dwc:habitat": "lake",
    "dwc:eventDate": "1982-06-25",
    "dwc:verbatimEventDate": "25 June 1982",
    "dwc:dynamicProperties": {
        "TRSPresent": "present"
    }
}