{
    "dwc:stateProvince": "Utah",
    "dwc:recordNumber": "400083 | 4 | 95-742 | 3",
    "dwc:county": "San Juan",
    "dwc:country": "USA",
    "dwc:genus": "Elymus",
    "dwc:recordedBy": "Manti La Salt | Oak, Snowberry, Blue | Arnold Clifford | Stanley L. Welsh | Brigham Young | University, Provo, Utah",
    "dwc:habitat": "forest",
    "dwc:verbatimLocality": "Abajo Mts. | of Marvin Tunnel. | W. facing mt. | Aspen grove with Gamble | rich, humus soils with O-horizon cover.",
    "dwc:verbatimElevation": "Elev. 8650 ft",
    "dwc:minimumElevationInMeters": 2636.52,
    "dwc:eventDate": "1995-07-28",
    "dwc:verbatimEventDate": "28-July-1995",
    "dwc:dynamicProperties": {
        "TRSPresent": "present",
        "woodiness": "herbaceous"
    }
}