{
    "dwc:recordedBy": "FLORA OFF FLOR | Wolf Myrtle Grove | Gerould Wilhelm",
    "dwc:county": "Escambia",
    "dwc:scientificName": "Phragmites communis Trin.",
    "dwc:taxonRank": "species",
    "dwc:scientificNameAuthorship": "Trin",
    "dwc:verbatimLocality": "Recorded Fort The Flora Of The PENSACOLA REGION Ca | along Lillian Road, where it bends S towards Millview, growing in low ground along the shore.",
    "dwc:recordNumber": "2 | 9472",
    "dwc:eventDate": "1981-06-30",
    "dwc:verbatimEventDate": "Date: 30 June, 1981"
}