{
    "dwc:recordedBy": "LOUISIANA UNIVERSITY | R. Dalea Thomas",
    "dwc:stateProvince": "Louisiana",
    "dwc:county": "Lincoln",
    "dwc:scientificName": "Paspalum setaceum Michx.",
    "dwc:taxonRank": "species",
    "dwc:scientificNameAuthorship": "Michx",
    "dwc:verbatimLocality": "Dry clear-cut area on hill north of La. | just east of Hico and U.S.",
    "dwc:recordNumber": "545 | 167 | R3 | 97337",
    "dwc:eventDate": "1986-06-22",
    "dwc:verbatimEventDate": "Date: 22 June 1986",
    "dwc:dynamicProperties": {
        "TRSPresent": "present"
    }
}