{
    "dwc:stateProvince": "California",
    "dwc:recordNumber": "7 | 4 | 67 | 44",
    "dwc:scientificName": "Eriogonum fasciculatum Benth.",
    "dwc:taxonRank": "species",
    "dwc:scientificNameAuthorship": "Benth",
    "dwc:recordedBy": "SAN DIEGO | Ca. Very | Kathy Kuhlmann",
    "dwc:verbatimLocality": "miles south of | found tall over mountains.",
    "dwc:genus": "Ramona",
    "dwc:eventDate": "1986-12-15",
    "dwc:verbatimEventDate": "15 December 1986",
    "dwc:dynamicProperties": {
        "plantPart": "plant",
        "flowerPart": "flower",
        "flowerColor": "white"
    }
}