{
    "dwc:stateProvince": "California",
    "dwc:county": "El Dorado",
    "dwc:family": "Onagraceae",
    "dwc:scientificName": "Chamerion angustifolium (L.) Holub\nsubsp. circumvagum (Mosquin) Hochr",
    "dwc:taxonRank": "subspecies",
    "dwc:scientificNameAuthorship": "Linnaeus, Holub | Mosquin | Hochr",
    "dwc:verbatimLocality": "west side of Tahoe Basin at D.L. Bliss State Park. | Growing in shaded edge of lake shoreline from boulders cracks.",
    "dwc:verbatimCoordinates": "38\u00b0 58' 8\" N | 120\u00b0 5' 23\" W",
    "dwc:verbatimElevation": "Elevation: 6224 ft",
    "dwc:minimumElevationInMeters": 1897.075,
    "dwc:recordedBy": "Daniel M. McNairy | John M. Tucker | Beecher Crampton Herbaria | UC Davis",
    "dwc:recordNumber": "2156",
    "dwc:eventDate": "2016-07-12",
    "dwc:verbatimEventDate": "12 July 2016",
    "dwc:dynamicProperties": {
        "plantPart": "plant"
    }
}