{
    "dwc:country": "USA",
    "dwc:stateProvince": "Florida",
    "dwc:scientificName": "Andropogon gyrans Ashe\nvar. gyrans",
    "dwc:taxonRank": "variety",
    "dwc:scientificNameAuthorship": "Ashe",
    "dwc:county": "Jackson",
    "dwc:verbatimLocality": "Apalachee WMA. | About 4 miles north of Sneads, west of Hwy | About a miles NWof main check station. | Low mesic flatwoods site adjacent to a pond. | Dense canopy of longleaf pine. | Ground cover dominated by | Area frequently burned.",
    "dwc:recordNumber": "271 | 3290 | NG98-016",
    "dwc:associatedTaxa": "associated: Aristida beyrichiana | associated: Schizachyrium tenerum",
    "dwc:genus": "Sorghastrum | Andropogon",
    "dwc:recordedBy": "Susan C. Carr",
    "dwc:eventDate": "2000-10-02",
    "dwc:verbatimEventDate": "10/2/2000",
    "dwc:dynamicProperties": {
        "flowerCount": "low: 19",
        "flowerPart": "flower"
    }
}