{
    "dwc:family": "Saururaceae",
    "dwc:verbatimLocality": "OF NEVADA, USA | USGS topographic quadrangle Zone | NAD27 ConUS | km SSW of Mesquite | , SW tip of Bitter Ridge; | bottom with | Local on west bank;",
    "dwc:county": "Clark",
    "dwc:scientificName": "Anemopsis californica (Nuttall) Hook. & Arn",
    "dwc:taxonRank": "species",
    "dwc:scientificNameAuthorship": "Nuttall Hook and Arn",
    "dwc:recordedBy": "Overton Beach | Red Bluff Springs | March A. Baker | Laurel Anderton",
    "dwc:recordNumber": "11 | 07 | 42 | 16904 | 10 | May2 | 2009",
    "dwc:verbatimCoordinates": "\nN36.4608\u00b0 W114.2535\u00b0",
    "dwc:verbatimElevation": ", 0495m (1620ft)",
    "dwc:minimumElevationInMeters": 495.0,
    "dwc:habitat": "canyon",
    "dwc:associatedTaxa": "associated: Acacia greggii | associated: Allenrolfea occidentalis | associated: dumosa | associated: Amphipappus fremontii | associated: Anemopsis californica | associated: Atriplex canescens | associated: A. confertifolia | associated: Atriplex hymenelytra | associated: walkeri | associated: Chilopsis linearis | associated: Cylindropuntia echinocarpa | associated: Distichlis spicata | associated: Echinomastus johnstonii | associated: inflatum | associated: Hymenoclea salsola | associated: Juncus balticus | associated: Juncus xiphioides | associated: Krameria erecta | associated: Larrea tridentata | associated: Lycium andersonii | associated: basilaris | associated: Pluchea sericeus | associated: Prosopis glandulosa | associated: fremontii | associated: Scirpus pungens | associated: Selinocarpus nevadensis | associated: Sphaeralcea ambigua | associated: Stanleya pinnata | associated: pauciflora | associated: Suaeda moquinii | associated: Tamarix ramosissima | associated: elatior | associated: Typha domingensis",
    "dwc:genus": "Camissonia | Eriogonum | Opuntia | Psorothamnus | Stephanomeria | Tiquilia",
    "dwc:dynamicProperties": {
        "flowerTipCount": "low: 360",
        "flowerPart": "flower",
        "flowerColor": "white"
    }
}