{
    "dwc:identifiedBy": "Konrad L. McGregor",
    "dwc:scientificName": "Solanum nigrum L.",
    "dwc:taxonRank": "species",
    "dwc:scientificNameAuthorship": "Linnaeus",
    "dwc:verbatimLocality": "Earley County, Kansas | Prairie roadside",
    "dwc:recordNumber": "3 | 2 | 19174",
    "dwc:recordedBy": "N. Burrton | Steven Stephens",
    "dwc:habitat": "sandy soil",
    "dwc:eventDate": "1967-10-11",
    "dwc:verbatimEventDate": "11 Oct. 1967",
    "dwc:dynamicProperties": {
        "plantPart": "plant | bark"
    }
}