{
    "dwc:scientificName": "Polygonum persicaria L.",
    "dwc:taxonRank": "species",
    "dwc:scientificNameAuthorship": "Linnaeus",
    "dwc:stateProvince": "Kansas",
    "dwc:county": "Labette",
    "dwc:recordNumber": "2 | 82975",
    "dwc:recordedBy": "W. Fana | Steven Stephens",
    "dwc:verbatimLocality": "weedy, wide area along roadway Sandy, clay soil.",
    "dwc:eventDate": "1974-09-12",
    "dwc:verbatimEventDate": "12 Sept. 1974",
    "dwc:dynamicProperties": {
        "plantPart": "plant"
    }
}