{
    "dwc:associatedTaxa": "associated: laeta",
    "dwc:scientificName": "Physalis virginiana Mill,",
    "dwc:taxonRank": "species",
    "dwc:scientificNameAuthorship": "Mill",
    "dwc:stateProvince": "Kansas",
    "dwc:county": "Miami",
    "dwc:verbatimLocality": "edge of corn field, Marais des Cygnes",
    "dwc:habitat": "river | plain | dry soil",
    "dwc:eventDate": "1970-08-26",
    "dwc:verbatimEventDate": "26 Aug. 1970",
    "dwc:recordedBy": "Steven Stephens",
    "dwc:dynamicProperties": {
        "plantCount": "low: 3",
        "plantPart": "plant"
    }
}