{
    "dwc:habitat": "brooks | soil",
    "dwc:recordNumber": "7 | 9 | 37676",
    "dwc:scientificName": "Lomatium foeniculaceum (Nutt.)",
    "dwc:taxonRank": "species",
    "dwc:scientificNameAuthorship": "Nutt",
    "dwc:recordedBy": "Falls River | Hot Springs Cascade | Steven Stephens",
    "dwc:verbatimLocality": "County, South Dakota | Open prairie hillside Dry",
    "dwc:eventDate": "1970-05-01",
    "dwc:verbatimEventDate": "1 May 1970",
    "dwc:dynamicProperties": {
        "plantPart": "plant",
        "plantWing": "wing",
        "plantColor": "red"
    }
}