{
    "dwc:scientificName": "Helianthus maximilianii Schrad,",
    "dwc:taxonRank": "species",
    "dwc:scientificNameAuthorship": "Schrad",
    "dwc:stateProvince": "Nebraska",
    "dwc:county": "Dawes",
    "dwc:recordNumber": "23 | 28342",
    "dwc:recordedBy": "S. Chadron",
    "dwc:verbatimLocality": "Bank of Cottonwood Creek. | Moist, rocky, chalky soil.",
    "dwc:eventDate": "1968-08-28",
    "dwc:verbatimEventDate": "28 Aug. 1968",
    "dwc:identifiedBy": "Steven Stephens",
    "dwc:dynamicProperties": {
        "plantPart": "plant"
    }
}