{
    "dwc:stateProvince": "Iowa",
    "dwc:country": "USA",
    "dwc:scientificName": "Populus deltoides W. Bartram ex Marshall",
    "dwc:taxonRank": "species",
    "dwc:scientificNameAuthorship": "W. Bartram and Marshall",
    "dwc:recordedBy": "IOWA. FLOYD | Park. Wooded | Craig C. Freeman | Ronald L. McGregor",
    "dwc:verbatimCoordinates": "43.15404\u00b0N, 92.64237\u00b0W",
    "dwc:verbatimLocality": "tjern by | Colwell County | slope along E side of Little Cedar River.",
    "dwc:recordNumber": ";WGS84 | 2 | 22442",
    "dwc:verbatimElevation": "Elev 1050-1060 ft",
    "dwc:minimumElevationInMeters": 320.04,
    "dwc:maximumElevationInMeters": 323.088,
    "dwc:eventDate": "2007-07-26",
    "dwc:verbatimEventDate": "26 July 2007",
    "dwc:dynamicProperties": {
        "treeWing": "wing",
        "plantPart": "tree"
    }
}