{
    "dwc:scientificName": "Populus deltoides H. Marshall ssp. wislizenii",
    "dwc:taxonRank": "subspecies",
    "dwc:scientificNameAuthorship": "H. Marshall",
    "dwc:recordedBy": "S. Watson | D. Clark | C. Crawford",
    "dwc:verbatimLocality": "Eckenwalder SALT KIOWA CO: Nine miles ENE of Eads on County Road 50 | Shaded roadside swale with",
    "dwc:genus": "Asclepias",
    "dwc:associatedTaxa": "associated: speciosa | associated: Asclepias subverticillata",
    "dwc:recordNumber": "4000 | 1160",
    "dwc:eventDate": "2000-06-28",
    "dwc:verbatimEventDate": "28 June 2000",
    "dwc:dynamicProperties": {
        "TRSPresent": "present"
    }
}