{
    "dwc:scientificName": "Astragalus bisulcatus (Hook.) Gray",
    "dwc:taxonRank": "species",
    "dwc:scientificNameAuthorship": "Hook Gray",
    "dwc:stateProvince": "Montana",
    "dwc:county": "Custer",
    "dwc:recordNumber": "13 | 66979",
    "dwc:recordedBy": "E. Located | Steven Stephens",
    "dwc:verbatimLocality": "Prairie pasture hilltop Rocky",
    "dwc:habitat": "clay soil",
    "dwc:eventDate": "1973-07-10",
    "dwc:verbatimEventDate": "10 July 1973",
    "dwc:dynamicProperties": {
        "plantPart": "plant"
    }
}