{
    "dwc:scientificName": "Juglans nigra L.",
    "dwc:taxonRank": "species",
    "dwc:scientificNameAuthorship": "Linnaeus",
    "dwc:stateProvince": "Kansas",
    "dwc:county": "Saline",
    "dwc:recordNumber": "1 | 14 | 13014",
    "dwc:recordedBy": "N. Hedville",
    "dwc:verbatimLocality": "Brushy ravine in prairie hills, sandy",
    "dwc:eventDate": "1977-05-16",
    "dwc:verbatimEventDate": "16 May 1977",
    "dwc:habitat": "brooks",
    "dwc:dynamicProperties": {
        "plantPart": "plant | tree"
    }
}