{
    "dwc:scientificName": "Schoenoplectus maritimus (L.) Lyme",
    "dwc:taxonRank": "species",
    "dwc:scientificNameAuthorship": "Linnaeus, Lyme",
    "dwc:associatedTaxa": "associated: sensu | associated: Scirpus pungens | associated: Scirpus maritimus var. paludosus",
    "dwc:recordedBy": "A. Nelson | A. Nels | S. Courtland | Steven Stephens",
    "dwc:verbatimLocality": "FLORA OF NORTH AMERICAN PROJECT | Co. State Lake, low prairie, Moist, alkaline soil.",
    "dwc:identifiedBy": "S. Galena Smith",
    "dwc:recordNumber": "1993 | 82 | 51146",
    "dwc:stateProvince": "Kansas",
    "dwc:county": "Republic",
    "dwc:eventDate": "1971-08-19",
    "dwc:verbatimEventDate": "19 Aug. 1971",
    "dwc:dynamicProperties": {
        "plantPart": "plant"
    }
}