{
    "dwc:country": "USA",
    "dwc:stateProvince": "Minnesota",
    "dwc:county": "Hubbard",
    "dwc:scientificName": "Crepis tectorum Linnaeus",
    "dwc:taxonRank": "species",
    "dwc:scientificNameAuthorship": "Linnaeus",
    "dwc:recordNumber": "1 | 34 | 22V1-1973 | \\.l1",
    "dwc:verbatimLocality": "miles east of | miles south. | Sandy disturbed prairie ditch along gravel road.",
    "dwc:recordedBy": "Park Rapids | Berteroa, Panicum, Potentilla | Stevens P. Churchill | D. Sutherland | R. Kaulf | T. Crumbaker"
}