{
    "dwc:scientificName": "Oxytropis sericea Nutt.",
    "dwc:taxonRank": "species",
    "dwc:scientificNameAuthorship": "Nutt",
    "dwc:stateProvince": "Kansas",
    "dwc:county": "Sherman",
    "dwc:recordNumber": "12 | 31348",
    "dwc:recordedBy": "S. Goodland | Smoky Hill | Steven Stephens",
    "dwc:verbatimLocality": "Prairie pasture, south of | Dry, sandy, gravel soil.",
    "dwc:eventDate": "1969-06-04",
    "dwc:verbatimEventDate": "4 June 1969",
    "dwc:habitat": "brooks",
    "dwc:dynamicProperties": {
        "plantPart": "plant"
    }
}