{
    "dwc:stateProvince": "Georgia",
    "dwc:county": "Grady",
    "dwc:eventDate": "2002-08-14",
    "dwc:verbatimEventDate": ": 14 Aug 2002",
    "dwc:recordedBy": "R. Kral | J.B.Wright",
    "dwc:recordNumber": "93082 | 93",
    "dwc:scientificName": "Bigelowia nudata (Michx.)",
    "dwc:taxonRank": "species",
    "dwc:scientificNameAuthorship": "Michx",
    "dwc:verbatimLocality": "property, just Nof Ochlockonee River, W side of GA | Soft Cairo; | sandy peat of steep slope in longleaf pine;",
    "dwc:identifiedBy": "R Kral",
    "dwc:dynamicProperties": {
        "inflorescence": "head",
        "headColor": "yellow"
    }
}