{
    "dwc:stateProvince": "Kansas",
    "dwc:scientificName": "Liatris punctata Hook.",
    "dwc:taxonRank": "species",
    "dwc:scientificNameAuthorship": "Hook",
    "dwc:recordedBy": "Kansas. Rawlins | Craig C. Freeman | Ronald L. McGregor",
    "dwc:recordNumber": "2 | 3244",
    "dwc:verbatimLocality": "and 6 Elof McDonald. | that joins Beaver | upland, shortgrass prairie and canyons with extensive outcrops of the Ogallala Formation.",
    "dwc:habitat": "canyon | creek | brooks",
    "dwc:verbatimElevation": "Elev. 3,200-3,300 ft",
    "dwc:minimumElevationInMeters": 975.36,
    "dwc:maximumElevationInMeters": 1005.84,
    "dwc:eventDate": "1990-09-19",
    "dwc:verbatimEventDate": "19 September 1990",
    "dwc:dynamicProperties": {
        "TRSPresent": "present",
        "flowerPart": "floret",
        "floretColor": "pink | purple"
    }
}