{
    "dwc:family": "Scrophulariaceae",
    "dwc:scientificName": "Castilleja coccinea (L.) Spreng,",
    "dwc:taxonRank": "species",
    "dwc:scientificNameAuthorship": "Linnaeus, Spreng",
    "dwc:associatedTaxa": "associated: lutescens",
    "dwc:county": "Cherokee",
    "dwc:verbatimLocality": ": 2.6 eof Baxter Springs, Prairie hay meadow, Sandy loam, Rare | of Kansas Lawrence, Kansas",
    "dwc:recordedBy": "Lawrence K. Magrath",
    "dwc:recordNumber": "51 | 56",
    "dwc:eventDate": "2019-05-02",
    "dwc:verbatimEventDate": "2 May 19",
    "dwc:dynamicProperties": {
        "plantPart": "plant",
        "flowerPart": "flower",
        "flowerColor": "yellow"
    }
}