{
    "dwc:country": "USA",
    "dwc:scientificName": "Polygonum bicorne Raf.",
    "dwc:taxonRank": "species",
    "dwc:scientificNameAuthorship": "Raf",
    "dwc:stateProvince": "Kansas",
    "dwc:county": "Ellsworth",
    "dwc:recordNumber": "3 | 16 | 1971 | 2 | 3998",
    "dwc:recordedBy": "Terra Cotta | R. L. McGregor",
    "dwc:associatedTaxa": "associated: mori",
    "dwc:verbatimLocality": "st ravine Large colony Auger. | of Kansas Lawrence, Kansas",
    "dwc:dynamicProperties": {
        "plantPart": "plant"
    }
}