{
    "dwc:scientificName": "Eclipta prostrata (L.)",
    "dwc:taxonRank": "species",
    "dwc:scientificNameAuthorship": "Linnaeus",
    "dwc:identifiedBy": "Ronald L. McGregor",
    "dwc:eventDate": "1983-04 | 1963-09-03",
    "dwc:verbatimEventDate": "April 1983 | September 3, 1963",
    "dwc:stateProvince": "Kansas",
    "dwc:associatedTaxa": "associated: Eclipta alba",
    "dwc:county": "Neosho",
    "dwc:recordNumber": "3 | 227",
    "dwc:verbatimLocality": "mi of Walnut bed oF Tentrock",
    "dwc:habitat": "creek"
}