{
    "dwc:scientificName": "Scrophularia marilandica L.",
    "dwc:taxonRank": "species",
    "dwc:scientificNameAuthorship": "Linnaeus",
    "dwc:stateProvince": "Kansas",
    "dwc:county": "Marshall",
    "dwc:verbatimLocality": "3 miles north and | miles east of Frankfort",
    "dwc:habitat": "alluvial soil | creek",
    "dwc:eventDate": "1967-08-24",
    "dwc:verbatimEventDate": "August 24, 1967",
    "dwc:recordedBy": "Williams T. Barker",
    "dwc:recordNumber": "4562",
    "dwc:dynamicProperties": {
        "plantPart": "plant"
    }
}