{
    "dwc:genus": "Penstemon",
    "dwc:verbatimLocality": "County Nebraska | eof Valentine National wildlife Refuge on Hwy | then 0.4 mi se | yds eof Refer fence | present, scattered to common All specimens in",
    "dwc:recordNumber": "16B | 75 | 13T3ODNR29 | 100 | 7375",
    "dwc:recordedBy": "Hwy Crouse Ranch | BS Refuge | W. West | Ronald R. Weedon | Joyce M. Phillips",
    "dwc:habitat": "sandy soil",
    "dwc:eventDate": "1979-07-13",
    "dwc:verbatimEventDate": "13 July 1979",
    "dwc:dynamicProperties": {
        "plantPart": "plant",
        "plantCount": "low: 1",
        "plantWoodiness": "herb",
        "fruitPart": "fruit"
    }
}