{
    "dwc:stateProvince": "Michigan",
    "dwc:scientificName": "Lamium purpureum L.",
    "dwc:taxonRank": "species",
    "dwc:scientificNameAuthorship": "Linnaeus",
    "dwc:family": "Lamiaceae",
    "dwc:recordedBy": "Subfamily Lamioideae | Tribe Lamieae | Van Buren | Edward M. Smith",
    "dwc:eventDate": "1991-04-25",
    "dwc:verbatimEventDate": "Apr. 25, 1991",
    "dwc:county": "Ottawa",
    "dwc:verbatimLocality": "Georgetown Twp. | TOWN, Sect. | Just outside the east city limits of Hudsonville, Michigan. | South side of | just east of the intersection with Edison Dr. A weedy in sand along the outside of a commercial greenhouse. | PURPLE DEAD",
    "dwc:recordNumber": "33 | 3348",
    "dwc:dynamicProperties": {
        "TRSPresent": "present",
        "flowerPart": "corolla",
        "corollaColor": "purple",
        "corollaVenation": "netted"
    }
}