{
    "dwc:stateProvince": "Kansas",
    "dwc:country": "USA",
    "dwc:family": "Cyperaceae",
    "dwc:scientificName": "Carex molesta Mack. ex Bright",
    "dwc:taxonRank": "species",
    "dwc:scientificNameAuthorship": "Mack and Bright",
    "dwc:recordedBy": "Kansas. Coffey | Flint Hills | Caleb A. Morse | Ronald L. McGregor",
    "dwc:verbatimLocality": "Co. 7.4 miS Lebo | jct with Old US Hwy | on Fauna Rd. | N side of | National Wildlife Refuge. | determined by map. | of refuge and edge of agricultural | along draws. | clumps to 0.3 main diameter.",
    "dwc:recordNumber": "50 | 22 | 3050",
    "dwc:verbatimCoordinates": "38\u00b018'N 95\u00b051'W",
    "dwc:verbatimElevation": "Elevation 300 m.",
    "dwc:minimumElevationInMeters": 300.0,
    "dwc:habitat": "floodplain | field | clay soil",
    "dwc:associatedTaxa": "associated: Ambrosia trifida | associated: Rumex altissimus",
    "dwc:genus": "Rubus | Fraxinus | Maclura | Ulmus",
    "dwc:eventDate": "1999-05-19",
    "dwc:verbatimEventDate": "19 May 1999",
    "dwc:dynamicProperties": {
        "TRSPresent": "present",
        "plantPart": "plant",
        "habit": "cespitose"
    }
}