{
    "dwc:stateProvince": "Utah",
    "dwc:county": "Kane",
    "dwc:country": "USA",
    "dwc:scientificName": "Atriplex graciliflora Jones",
    "dwc:taxonRank": "species",
    "dwc:scientificNameAuthorship": "Jones",
    "dwc:verbatimLocality": "mixed grass-shrub comm. | Coyote Cyn. | , ca 3 mine of Church Wells, T42S | Dry cattle pond bottom, Sandy silt.",
    "dwc:recordNumber": "S30 | 28110 | 4",
    "dwc:recordedBy": "SL Welsh | BRIGHAM YOUNG UNIVERSITY",
    "dwc:eventDate": "2001-05-31",
    "dwc:verbatimEventDate": "31 May 2001"
}