{
    "dwc:recordNumber": "4804",
    "dwc:stateProvince": "California",
    "dwc:scientificName": "Chorizanthe rectispina Good,",
    "dwc:taxonRank": "species",
    "dwc:scientificNameAuthorship": "Good",
    "dwc:verbatimLocality": "Shale hills",
    "dwc:recordedBy": "Santa Barbara | San Luis Obispo | CLARKE B. HARDHAM",
    "dwc:eventDate": "1959-06-10",
    "dwc:verbatimEventDate": "June.10, 1959",
    "dwc:dynamicProperties": {
        "flowerPart": "flower | sepal",
        "flowerColor": "white",
        "flowerBaseColor": "green-yellow",
        "flowerBase": "base"
    }
}