{
    "dwc:scientificName": "Hymenopappus tenuifolius Pursh",
    "dwc:taxonRank": "species",
    "dwc:scientificNameAuthorship": "Pursh",
    "dwc:stateProvince": "Nebraska",
    "dwc:county": "Hitchcock",
    "dwc:recordNumber": "5 | 65456",
    "dwc:recordedBy": "E. Trenton | Steven Stephens",
    "dwc:verbatimLocality": "Prairie pasture hilltop",
    "dwc:habitat": "sandy soil",
    "dwc:eventDate": "1973-06-09",
    "dwc:verbatimEventDate": "9 June 1973",
    "dwc:dynamicProperties": {
        "plantPart": "plant"
    }
}