{
    "dwc:family": "Asteraceae",
    "dwc:scientificName": "Lasthenia gracilis",
    "dwc:taxonRank": "species",
    "dwc:country": "USA",
    "dwc:stateProvince": "California",
    "dwc:county": "San Diego",
    "dwc:verbatimLocality": ", San Diego, Dennery Canyon Mesa in Otay Mesa off of Hidden Trails Rd, by first | entering gate south of Dennery Canyon. | Huerhuero loam/stockpen clay loam. | Bi-colored | Growing outside of pools.",
    "dwc:habitat": "vernal pool",
    "dwc:verbatimCoordinates": "\n32.572609N, -117.014098W",
    "dwc:verbatimElevation": "Elev: 160m.",
    "dwc:minimumElevationInMeters": 160.0,
    "dwc:associatedTaxa": "associated: Plagiobothrys collinus | associated: Peritoma arborea | associated: Artemisia californica | associated: Cylindropuntia prolifera",
    "dwc:recordedBy": "Monica J. Stupaczuk | Brenda McMillan",
    "dwc:recordNumber": "2",
    "dwc:eventDate": "2019-03-16",
    "dwc:verbatimEventDate": "16 March 2019",
    "dwc:dynamicProperties": {
        "plantDuration": "annual",
        "flowerWoodiness": "herb",
        "flowerSize": "heightLowInCentimeters: 13.0",
        "flowerColor": "yellow | gray",
        "flowerPart": "flower | disk flower",
        "diskFlowerColor": "orange"
    }
}