{
    "dwc:stateProvince": "Florida",
    "dwc:family": "Asclepiadaceae",
    "dwc:scientificName": "Asclepias lanceolata Walter",
    "dwc:taxonRank": "species",
    "dwc:scientificNameAuthorship": "Walter",
    "dwc:county": "Lee | Charlotte",
    "dwc:habitat": "marsh",
    "dwc:verbatimLocality": "in south Florida slash pine flatwoods ca. | 765 data point ca. | line, ca. | Soils - Wabasso",
    "dwc:recordNumber": "78 | 19427",
    "dwc:recordedBy": "Cape Coral | Punta Gorda | Alfic Haplaquods | Steven L. Orzell | Edwin L. Bridges",
    "dwc:verbatimCoordinates": "26\u00b045'04\" N; 82\u00b002'14\"",
    "dwc:verbatimElevation": "Elev. 13 ft",
    "dwc:minimumElevationInMeters": 3.962,
    "dwc:eventDate": "1992-04-28",
    "dwc:verbatimEventDate": "28 April 1992",
    "dwc:dynamicProperties": {
        "flowerPart": "flower",
        "TRSPresent": "present"
    }
}