{
    "dwc:recordNumber": "0 | 1411 | 32361",
    "dwc:stateProvince": "Illinois",
    "dwc:country": "USA",
    "dwc:scientificName": "Allium caeruleum Pall.",
    "dwc:taxonRank": "species",
    "dwc:scientificNameAuthorship": "Pall",
    "dwc:identifiedBy": "S.R. Hill",
    "dwc:eventDate": "2000-12 | 2000-05-27",
    "dwc:verbatimEventDate": "Dec. 2000 | 27 May 2000",
    "dwc:family": "Liliaceae",
    "dwc:county": "Champaign",
    "dwc:recordedBy": "Winding Lane | Stevens R. Hill",
    "dwc:verbatimLocality": "private residence, research greenhouse and gardens. | Dutch bulbs purchased locally. | Dark alkaline clay mix. | yard bulb garden. | from bulb that easily multiples | strong onion | proliferous in",
    "dwc:associatedTaxa": "associated: aroma",
    "dwc:dynamicProperties": {
        "flowerColor": "black | blue",
        "plantDuration": "perennial",
        "flowerPart": "flower",
        "plantPart": "foliage | stem | plant",
        "color": "green",
        "leafColor": "blue",
        "leafPart": "leaf",
        "leafVenation": "channelled",
        "inflorescence": "inflorescence"
    }
}