{
    "dwc:stateProvince": "Florida",
    "dwc:family": "Poaceae",
    "dwc:scientificName": "Tripsacum dactyloides (Linnaeus) Linnaeus",
    "dwc:taxonRank": "species",
    "dwc:scientificNameAuthorship": "Linnaeus",
    "dwc:county": "Lake",
    "dwc:habitat": "mesic hammock | hammock ecotone | pine lake",
    "dwc:verbatimLocality": "along blackwater creek along Sulphur Run, ca. | 0.6 air mi SEof Lake Jordan, 1.5 air mi ESE of Cassia, ca. | 14.9 air mi ENE of Eustis; | Seminole State Forest;",
    "dwc:verbatimCoordinates": "28\u00b052'36\" N; 81\u00b026'37\" W.",
    "dwc:recordedBy": "Steven L. Orzell | Edwin L. Bridges",
    "dwc:recordNumber": "22851",
    "dwc:eventDate": "1994-08-20",
    "dwc:verbatimEventDate": "20 August 1994",
    "dwc:dynamicProperties": {
        "TRSPresent": "present"
    }
}