{
    "dwc:stateProvince": "Florida",
    "dwc:county": "St. Johns | Putnam",
    "dwc:habitat": "river",
    "dwc:scientificName": "Vaccinium elliottii Chapm.",
    "dwc:taxonRank": "species",
    "dwc:scientificNameAuthorship": "Chapm",
    "dwc:verbatimLocality": "Road ditch next to north entrance to Lake George Conservation Area North, ca. | 0.3 miles south of | miles southeast of Georgetown | Crescent City Quad",
    "dwc:recordedBy": "Georgetown Denver | Cecil R. Slaughter",
    "dwc:recordNumber": ",4",
    "dwc:eventDate": "2002-06-07",
    "dwc:verbatimEventDate": "Date: 7 June 2002",
    "dwc:dynamicProperties": {
        "flowerPart": "flower",
        "TRSPresent": "present"
    }
}