{
    "dwc:stateProvince": "Arizona",
    "dwc:scientificName": "HAPLOPAPPUS GRACILIS (Nutt.) Gray",
    "dwc:taxonRank": "species",
    "dwc:scientificNameAuthorship": "Nutt Gray",
    "dwc:county": "Cochise",
    "dwc:recordedBy": "Southwestern Research | Richard R. Halsey",
    "dwc:verbatimLocality": "Station, near Portal; | Chiricahua Mtns.",
    "dwc:verbatimElevation": "elev. 5400 feet",
    "dwc:minimumElevationInMeters": 1645.92,
    "dwc:eventDate": "1970-10-10",
    "dwc:verbatimEventDate": "10 October 1970"
}