{
    "dwc:family": "Cyperaceae",
    "dwc:scientificName": "Bulbostylis ciliatifolia (Ella.) Fern.",
    "dwc:taxonRank": "species",
    "dwc:scientificNameAuthorship": "Ella Fern",
    "dwc:county": "Dade",
    "dwc:recordedBy": "Pine Shore Park | Keith Bradley",
    "dwc:recordNumber": "128 | 112 | 613",
    "dwc:verbatimLocality": "In sandy pine rockland at northwest corner of park.",
    "dwc:verbatimCoordinates": "N25\u00b0 39.069;\nW80\u00b022.494",
    "dwc:eventDate": "1997-08-02",
    "dwc:verbatimEventDate": "2 August, 1997"
}