{
    "dwc:stateProvince": "Pennsylvania",
    "dwc:country": "USA",
    "dwc:recordNumber": "24 | 1 | I-84 | 32680",
    "dwc:scientificName": "Thelypteris palustris Schott\nvar. pubescens (Lawson) Fern.",
    "dwc:taxonRank": "variety",
    "dwc:scientificNameAuthorship": "Schott | Lawson | Fern",
    "dwc:identifiedBy": "S.R.Hill",
    "dwc:eventDate": "2000-12 | 2000-07-19",
    "dwc:verbatimEventDate": "Dec. 2000 | 19 July 2000",
    "dwc:family": "Polypodiaceae",
    "dwc:county": "Pike",
    "dwc:verbatimLocality": "W, 5 Elof PA Rt. | roadside crest area between miles | Shallow water, peat, among numerous boulders. | east of crest area | rhizomes elongated, but generally not in large colonies;",
    "dwc:habitat": "forest | swamp",
    "dwc:associatedTaxa": "associated: Vaccinium corymbosum | associated: fertile",
    "dwc:recordedBy": "Stevens R. Hill"
}