{
    "dwc:recordedBy": "Park Service | A. Bishop | C. VanHoek",
    "dwc:recordNumber": "4 | NW1/4 | S6 | AK0048",
    "dwc:county": "Pinellas",
    "dwc:family": "Euphorbiaceae",
    "dwc:scientificName": "Poinsettia cyathophora (Murray) Bartl.",
    "dwc:taxonRank": "species",
    "dwc:scientificNameAuthorship": "Murray Bartl",
    "dwc:verbatimLocality": ": Nof lighthouse",
    "dwc:habitat": "Coastal strand",
    "dwc:eventDate": "2002-12-12",
    "dwc:verbatimEventDate": "Date: 12-Dec-02",
    "dwc:dynamicProperties": {
        "TRSPresent": "present"
    }
}