{
    "dwc:recordedBy": "PARK AIR FORCE",
    "dwc:recordNumber": "26 | 1044",
    "dwc:family": "Rosaceae",
    "dwc:scientificName": "Rubus trivialis Michaux",
    "dwc:taxonRank": "subspecies",
    "dwc:stateProvince": "Florida",
    "dwc:county": "Polk",
    "dwc:verbatimLocality": "Seasonally inundated floodplain on SE side of Lake Arbuckle, ca. | 0.5 Nof Hunt Headquarters, ca. | Wolf Frostproof Rd. | , at beginning of Lake Arbuckle nature trail/boardwalk; | Avon Park AFR; | Arbuckle NE 7.5 | E. Carmel vanHoek and Beatty largo",
    "dwc:habitat": "lake",
    "dwc:eventDate": "1998-02-21",
    "dwc:verbatimEventDate": "21 Feb 1998",
    "dwc:dynamicProperties": {
        "TRSPresent": "present"
    }
}