{
    "dwc:recordNumber": "29 | 2011 | 75 | 5\u20147 | 647",
    "dwc:country": "USA",
    "dwc:family": "Thelypteridaceae",
    "dwc:recordedBy": "P. St. John | Walton Ranch | North Port | Toledo Bladen | Laurie B. Birch | Bruce K. Holst | MARINE SHELBY",
    "dwc:identifiedBy": "Bruce K. Holst",
    "dwc:stateProvince": "Florida",
    "dwc:county": "Sarasota",
    "dwc:verbatimLocality": "Preserve, Nof | the SW entrance to the | 2.3 Nof Interstate | Choctaw Blvd. | . Choctaw Blvd. | continuation of",
    "dwc:associatedTaxa": "associated: lisa",
    "dwc:habitat": "mesic hammock",
    "dwc:verbatimCoordinates": "27\u00b07.94'N; 82\u00b08.99'W",
    "dwc:eventDate": "2011-07-07",
    "dwc:verbatimEventDate": "7 July 2011",
    "dwc:dynamicProperties": {
        "branchMargin": "dentate",
        "plantPart": "branch",
        "branchWoodiness": "herb"
    }
}