{
    "dwc:associatedTaxa": "associated: san | associated: A. mexicana",
    "dwc:verbatimLocality": "JOSE STATE COLLEGE | of auth. | , not Cave. | along roadside | 1.5 miles southeast",
    "dwc:stateProvince": "California",
    "dwc:scientificName": "Asclepias fascicularis Dense.",
    "dwc:taxonRank": "species",
    "dwc:scientificNameAuthorship": "Dense",
    "dwc:habitat": "soil",
    "dwc:recordedBy": "Santa Calera | C. T. Keys",
    "dwc:recordNumber": "7",
    "dwc:eventDate": "1963-09-28",
    "dwc:verbatimEventDate": "28 Sept. 1963",
    "dwc:dynamicProperties": {
        "apex": "apex"
    }
}