{
    "dwc:genus": "Brassicaceae | Ribes | Antennaria",
    "dwc:scientificName": "Arabis fendleri (S. Watts.) Greene",
    "dwc:taxonRank": "species",
    "dwc:scientificNameAuthorship": "S. Watts Greene",
    "dwc:country": "USA",
    "dwc:stateProvince": "New Mexico",
    "dwc:county": "Valencia",
    "dwc:recordedBy": "Ojo Redondo | J.A.R. Layman",
    "dwc:verbatimLocality": "campground, Cibola National Forest.",
    "dwc:associatedTaxa": "associated: Pseudotsuga menziesii | associated: Pinus ponderosa | associated: Koeleria cristata | associated: Fragaria americana | associated: Vicia americana",
    "dwc:recordNumber": "071199-02",
    "dwc:eventDate": "1999-06-20",
    "dwc:verbatimEventDate": "20 June 1999",
    "dwc:dynamicProperties": {
        "TRSPresent": "present"
    }
}