{
    "dwc:recordedBy": "L NI ILLS | Joshua R. Campbell",
    "dwc:recordNumber": "20 | 2 | 24",
    "dwc:stateProvince": "Florida",
    "dwc:scientificName": "Licania michauxii Prance",
    "dwc:taxonRank": "species",
    "dwc:scientificNameAuthorship": "Prance",
    "dwc:county": "Polk",
    "dwc:habitat": "lake",
    "dwc:verbatimLocality": "Environmental Lands. | Sandhills community with yellow sand.",
    "dwc:verbatimCoordinates": "\n27\u00b0 48' 48\" N, 81\u00b0 32' 58\" W.",
    "dwc:eventDate": "2015-07-04",
    "dwc:verbatimEventDate": "4 July 2015"
}