{
    "dwc:stateProvince": "California",
    "dwc:county": "Tuolumne | Mariposa",
    "dwc:country": "USA",
    "dwc:genus": "Streptanthus | Arctostaphylos | Eriodictyon | Heteromeles | Adenostoma",
    "dwc:habitat": "pool",
    "dwc:recordedBy": "Sierra Nevada Mtns | B. Pfitzer | Steven Morgan | H.M. Soldano",
    "dwc:verbatimLocality": ": 5.6 Nof Coulterville on Hwy | Q.: Near | Large turnout across from a W-facing roadcut through metamorphic rock | Several species of grass, a | Steep and rocky.",
    "dwc:recordNumber": "49 | 1020",
    "dwc:verbatimCoordinates": "37\u00b046'04\"N,\n120\u00b015'38\"W)",
    "dwc:verbatimElevation": "Alto.: 549m/1800ft",
    "dwc:minimumElevationInMeters": 549.0,
    "dwc:scientificName": "Pinus sabiniana",
    "dwc:taxonRank": "species",
    "dwc:eventDate": "1988-05-31",
    "dwc:verbatimEventDate": "31 May 1988",
    "dwc:dynamicProperties": {
        "habit": "shrub",
        "plantDuration": "annual",
        "flowerPart": "calyx | corolla",
        "calyxColor": "purple",
        "corollaColor": "white"
    }
}