{
    "dwc:stateProvince": "California",
    "dwc:county": "Alameda",
    "dwc:scientificName": "Veronica americana (Raf.) Benth.",
    "dwc:taxonRank": "species",
    "dwc:scientificNameAuthorship": "Raf Benth",
    "dwc:family": "Scrophulariaceae",
    "dwc:verbatimLocality": "The Oakland Zoo, lower park. | Riparian/Ruderal. | Found in moist soil beside creek on north side. | , no scent.",
    "dwc:verbatimElevation": "Elevation: 61 m.",
    "dwc:minimumElevationInMeters": 61.0,
    "dwc:recordedBy": "Margaret Przybylski | Kelly Fong",
    "dwc:recordNumber": "39",
    "dwc:eventDate": "2003-11-22",
    "dwc:verbatimEventDate": "22 November 2003",
    "dwc:dynamicProperties": {
        "plantPart": "root",
        "leafPart": "leaf",
        "leafMargin": "crenate | margin",
        "missingFlowerPart": "no flower"
    }
}