{
    "dwc:genus": "Brassicaceae | Acacia",
    "dwc:scientificName": "Lesquerella gordonii (Gray) S. Watts.",
    "dwc:taxonRank": "species",
    "dwc:scientificNameAuthorship": "Gray S. Watts",
    "dwc:country": "USA",
    "dwc:stateProvince": "New Mexico",
    "dwc:county": "Eddy",
    "dwc:verbatimCoordinates": "Lat: 32\u00b0 10\" N Long: 104\u00b0 45\" W",
    "dwc:verbatimLocality": "Guadalupe Mountains, Carlsbad Caverns National Park | just Rocks Shelter pull-out.",
    "dwc:habitat": "canyon",
    "dwc:recordedBy": "R.C. Sivinski | Part Barlow | Charlie McDonalald",
    "dwc:eventDate": "1997-03-26",
    "dwc:verbatimEventDate": "26 March 1997"
}