{
    "dwc:associatedTaxa": "associated: lobo",
    "dwc:stateProvince": "California",
    "dwc:scientificName": "Mimulus whitneyi Gray",
    "dwc:taxonRank": "species",
    "dwc:scientificNameAuthorship": "Gray",
    "dwc:county": "Tulare",
    "dwc:habitat": "meadow",
    "dwc:verbatimLocality": "road black from Pyles Camp.",
    "dwc:verbatimElevation": "Elev 5300 ft",
    "dwc:minimumElevationInMeters": 1615.44,
    "dwc:recordedBy": "P.C. Baker",
    "dwc:recordNumber": "7354",
    "dwc:eventDate": "1973-05-30",
    "dwc:verbatimEventDate": "30 May 1973"
}