{
    "dwc:stateProvince": "California",
    "dwc:scientificName": "Mirabilis bigelovii Gray.",
    "dwc:taxonRank": "species",
    "dwc:scientificNameAuthorship": "Gray",
    "dwc:habitat": "bush | soil",
    "dwc:verbatimLocality": "with opposite | none per involucre. | Common on dry, rocky | of south-facing slope | 4 miles East on Calif. | 168 from U.S.",
    "dwc:genus": "Ephedra",
    "dwc:associatedTaxa": "associated: Grayia spinosa | associated: Sphaeralcea ambigua",
    "dwc:recordNumber": "395 | 146",
    "dwc:verbatimElevation": "elev. 4400 feet",
    "dwc:minimumElevationInMeters": 1341.12,
    "dwc:county": "Inyo",
    "dwc:recordedBy": "Peggy Cooper",
    "dwc:eventDate": "1980-05-31",
    "dwc:verbatimEventDate": "DATE: 5/31/80",
    "dwc:dynamicProperties": {
        "plantDuration": "perennial",
        "leafSize": "heightLowInCentimeters: 40.0",
        "leafPart": "leaf",
        "flowerColor": "white",
        "flowerPart": "flower"
    }
}