{
    "dwc:recordedBy": "Santa Barbara | Santa Monica | Carpinteria Salt | W.R. Ferron",
    "dwc:stateProvince": "California",
    "dwc:recordNumber": "1Hordeum\n1 | 19 | 5 | 3 | 1866",
    "dwc:habitat": "creek",
    "dwc:genus": "Raphanus",
    "dwc:scientificName": "Sonchus oleraceus and Atriplex semibaccata",
    "dwc:taxonRank": "species",
    "dwc:verbatimLocality": "Reserve, Carpinteria.",
    "dwc:eventDate": "1979-05-15",
    "dwc:verbatimEventDate": "Date: 15 May 1979",
    "dwc:dynamicProperties": {
        "TRSPresent": "present"
    }
}