{
    "dwc:stateProvince": "Arizona",
    "dwc:family": "Grossulariaceae",
    "dwc:scientificName": "Ribes pinetorum Greene",
    "dwc:taxonRank": "species",
    "dwc:scientificNameAuthorship": "Greene",
    "dwc:country": "USA",
    "dwc:county": "Yavapai",
    "dwc:verbatimLocality": "Along Trout Creek a 1.5km downstream of Fort Rocks Creek.",
    "dwc:recordNumber": "430 | 0 | 4711",
    "dwc:associatedTaxa": "associated: Fraxinus velutina | associated: Pinus edulis | associated: Juniperus osteospermum",
    "dwc:recordedBy": "G Rink | A. Martinez | Arizona University",
    "dwc:eventDate": "2006-04-17",
    "dwc:verbatimEventDate": "17 April 2006"
}