{
    "dwc:associatedTaxa": "associated: eastwoodiae | associated: Alnus oblongifolia | associated: Fraxinus velutina | associated: Juglans major | associated: Toxicodendron radicans | associated: Aquilegia chrysantha | associated: Lomatium dissectum | associated: Claytonia perfoliata",
    "dwc:verbatimLocality": "Butters & LA | Prescott National Forest. | Cedar Bench Wilderness Area | north facing basalt wall, approx. | forty feet | degrees UTM zone",
    "dwc:identifiedBy": "G. Rink",
    "dwc:country": "USA",
    "dwc:stateProvince": "Arizona",
    "dwc:county": "Yavapai",
    "dwc:habitat": "creek | creek slope",
    "dwc:recordedBy": "Hole Springs | M. Munro | S. Schuhardt | Arizona University",
    "dwc:recordNumber": "50-\n90 | 1509 | 2",
    "dwc:verbatimElevation": "Elev: 4950 ft",
    "dwc:minimumElevationInMeters": 1508.76,
    "dwc:genus": "Galium",
    "dwc:eventDate": "2003-05-08",
    "dwc:verbatimEventDate": "8 May 2003",
    "dwc:dynamicProperties": {
        "partLocation": "above",
        "verbatimUTM": "12S, 419550 3812280"
    }
}