{
    "dwc:stateProvince": "Colorado",
    "dwc:family": "Scrophulariaceae",
    "dwc:scientificName": "Castilleja occidentalis",
    "dwc:taxonRank": "species",
    "dwc:recordedBy": "Torr. Dupl | Clear Creek | Mount Evans Scenic | Robert Merrill King",
    "dwc:identifiedBy": "J. Ackerfield",
    "dwc:recordNumber": "2004 | 13230",
    "dwc:habitat": "tundra",
    "dwc:verbatimLocality": "bordering Summit Lake. | Silica gel dried | preserved at the DNA Bank, Missouri Botanical Garden.",
    "dwc:verbatimElevation": "elev. ca. 12,856 ft",
    "dwc:minimumElevationInMeters": 3918.509,
    "dwc:eventDate": "2004-07-21",
    "dwc:verbatimEventDate": "July 21, 2004",
    "dwc:dynamicProperties": {
        "elevationUncertain": "uncertain",
        "flowerPart": "flower",
        "flowerColor": "yellow",
        "leafPart": "leaf"
    }
}