{
    "dwc:stateProvince": "California",
    "dwc:associatedTaxa": "associated: pulla | associated: Populus fremontii | associated: Prunus fasciculata | associated: Eriogonum fasciculatum",
    "dwc:family": "Boraginaceae",
    "dwc:scientificName": "Phacelia tanacetifolia Benth.",
    "dwc:taxonRank": "species",
    "dwc:scientificNameAuthorship": "Benth",
    "dwc:country": "USA",
    "dwc:recordedBy": "San Bernardino | G. Rink | Arizona University Deaver",
    "dwc:verbatimLocality": "northwest end of the San Bernardino Mountains, along Craghorn Road about | miles east of I | west drainage.",
    "dwc:recordNumber": "1 | 25 | 14573",
    "dwc:verbatimElevation": "Elev: 1000m.",
    "dwc:minimumElevationInMeters": 1000.0,
    "dwc:genus": "Baccharis",
    "dwc:eventDate": "2017-04-26",
    "dwc:verbatimEventDate": "26 April 2017",
    "dwc:dynamicProperties": {
        "verbatimUTM": "11S 458335E 3796040N"
    }
}