{
    "dwc:stateProvince": "Pennsylvania",
    "dwc:country": "USA",
    "dwc:family": "Poaceae",
    "dwc:scientificName": "Setaria pumila L.",
    "dwc:taxonRank": "species",
    "dwc:scientificNameAuthorship": "Linnaeus",
    "dwc:habitat": "river",
    "dwc:associatedTaxa": "associated: inca",
    "dwc:verbatimLocality": "small patch of overgrowth along a cornfield WGS 84 | individuals in view",
    "dwc:verbatimCoordinates": "Lat 39.971792346782, Long -76.572089195251 (",
    "dwc:recordNumber": "1\nm | 2-20 | 3",
    "dwc:recordedBy": "Willd Status | Date Found | Alex J. Seitz",
    "dwc:eventDate": "2015-10-03",
    "dwc:verbatimEventDate": "2015-10-03",
    "dwc:dynamicProperties": {
        "seedCount": "low: 21",
        "fruitColor": "yellow",
        "fruitPart": "fruit | seed"
    }
}