{
    "dwc:stateProvince": "Pennsylvania",
    "dwc:country": "USA",
    "dwc:family": "Droseraceae",
    "dwc:scientificName": "Drosera rotundifolia",
    "dwc:taxonRank": "species",
    "dwc:county": "Centre",
    "dwc:verbatimLocality": "Snow Shore; | North Fork Beech | individuals in view; | Other Comments: in",
    "dwc:habitat": "creek | wetland",
    "dwc:recordNumber": "2-10 | 2-20 | 346",
    "dwc:recordedBy": "Willd Status | Date Found | Scott L. Martin | James C. Parks | Millersville University | Digital Record",
    "dwc:eventDate": "2016-08-05 | 2016-10-26",
    "dwc:verbatimEventDate": "2016-08-05 | 2016-10-26",
    "dwc:dynamicProperties": {
        "fruitPart": "fruit | seed"
    }
}