{
    "dwc:scientificName": "A. Alta",
    "dwc:taxonRank": "species",
    "dwc:stateProvince": "Nevada",
    "dwc:verbatimLocality": "Co: Elko | Near Soldier Creek, Lamoille Valley. | Roadside weedy, growing zona ditch bank.",
    "dwc:associatedTaxa": "associated: Arctium minus",
    "dwc:recordNumber": ",Sec.4 | 5200 | 80-223-1",
    "dwc:eventDate": "1980-07-20",
    "dwc:verbatimEventDate": "Date: 20 July 1980",
    "dwc:recordedBy": "Margaret J. Williams | Arnold Tiehm",
    "dwc:dynamicProperties": {
        "TRSPresent": "present"
    }
}