{
    "dwc:stateProvince": "Pennsylvania",
    "dwc:recordedBy": "James C. Parks | Kevin Facenda | James C. Parks",
    "dwc:recordNumber": "4979 | 84",
    "dwc:eventDate": "1988-06-07 | 2019-09-07",
    "dwc:verbatimEventDate": "Date: 1988-06-07 | 2019-09-07",
    "dwc:genus": "Dryopteris",
    "dwc:associatedTaxa": "associated: triploidea",
    "dwc:verbatimLocality": "in moist steep Label generated by | notebooks on",
    "dwc:verbatimCoordinates": "40.245900, -76.28143 (",
    "dwc:dynamicProperties": {
        "plantCount": "low: 1",
        "plantPart": "plant"
    }
}