{
    "dwc:scientificName": "Abrus precatorius L.",
    "dwc:taxonRank": "species",
    "dwc:scientificNameAuthorship": "Linnaeus",
    "dwc:county": "Dade",
    "dwc:verbatimLocality": "Coral Gables pineland along Old Cutler road near Montposery Foundation.",
    "dwc:recordNumber": "017919\ni | 1 | 8543",
    "dwc:recordedBy": "T Collis | FAIRCHILD MTKOICAL",
    "dwc:dynamicProperties": {
        "habit": "climbing | vine",
        "flowerPart": "flower",
        "flowerColor": "purple | pink"
    }
}