{
    "dwc:stateProvince": "Nevada",
    "dwc:scientificName": "Balsamorhiza sagittata (Pursh) Nutt.",
    "dwc:taxonRank": "species",
    "dwc:scientificNameAuthorship": "Pursh Nutt",
    "dwc:recordedBy": "Charles Short Ranch | Reno Airport | Percy Train",
    "dwc:recordNumber": "43 | ,3521",
    "dwc:verbatimLocality": "on Steamboat",
    "dwc:habitat": "creek",
    "dwc:county": "Washoe",
    "dwc:verbatimElevation": "El. 5000 ft",
    "dwc:minimumElevationInMeters": 1524.0,
    "dwc:eventDate": "1940-04-25",
    "dwc:verbatimEventDate": "Apr. 25, 1940"
}