{
    "dwc:scientificName": "Phacelia pedicellata A. Gray",
    "dwc:taxonRank": "species",
    "dwc:scientificNameAuthorship": "A. Gray",
    "dwc:stateProvince": "California",
    "dwc:county": "San Bernardino",
    "dwc:verbatimLocality": "Newberry Mountains: along Troy | at Jct of Kane Wash and large basalt flow, 7.5 main USGS Quad: Camp Rocks Maine Near | growing on basalt gravel Associates",
    "dwc:verbatimCoordinates": "34\u00b0 44.789' N 116\u00b0 39.991' W",
    "dwc:verbatimElevation": "Elev.\n2901 ft",
    "dwc:minimumElevationInMeters": 884.225,
    "dwc:associatedTaxa": "associated: Cirsium neomexicanum | associated: cooperi | associated: Camissonia refracta | associated: Cymopterus panamintensis",
    "dwc:genus": "Lycium",
    "dwc:recordNumber": "19 | 10021",
    "dwc:recordedBy": "Jeff Galvin"
}