{
    "dwc:scientificName": "Arceuthobium douglasii Engelm.",
    "dwc:taxonRank": "species",
    "dwc:scientificNameAuthorship": "Engelm",
    "dwc:associatedTaxa": "associated: Abies lasiocarpa var. lasiocarpa",
    "dwc:stateProvince": "Utah",
    "dwc:county": "Garfield",
    "dwc:verbatimLocality": "1.0 miles south of | on Sawmill Basin Rd. | E., Section",
    "dwc:recordedBy": "Lonesome Beaver Campground | R. L. Mathiasen",
    "dwc:recordNumber": "31 | 10 | 14 | 8400 | 9537",
    "dwc:eventDate": "1995-08-12",
    "dwc:verbatimEventDate": "August 12, 1995"
}