{
    "dwc:recordNumber": "4221 | 5 | SLOPE5",
    "dwc:recordedBy": "MAX C. FLEISCHMANNI | NA Crepis | Humboldt Nevada | Gavia Ranch | ECONOMIC VALLE",
    "dwc:associatedTaxa": "associated: subcostata | associated: Artemisia tridentata | associated: B. tectorum",
    "dwc:verbatimLocality": "Western hawksbeard LOCATION | TWP. COUNTY STATE Singas Cr exclosure across road from | HaBiTar Well drained rocky clay, low abundance scattered distribution",
    "dwc:verbatimCoordinates": "41 N 39E",
    "dwc:verbatimElevation": "ALTITUDE 5000 feet",
    "dwc:minimumElevationInMeters": 1524.0,
    "dwc:genus": "Sitanion",
    "dwc:eventDate": "1963-06-06",
    "dwc:verbatimEventDate": "DATE 6/6/63"
}