{
    "dwc:stateProvince": "California",
    "dwc:scientificName": "Ranunculus californicus Benth.\nvar. californicus",
    "dwc:taxonRank": "variety",
    "dwc:scientificNameAuthorship": "Benth",
    "dwc:verbatimLocality": "scattered in mountain | in moist clay soil. | miles up | turnoff from Highway | on north side of dirt road; | National Forest; | county, Monterey",
    "dwc:habitat": "grassland clearing",
    "dwc:genus": "Artemisia | Toxicodendron",
    "dwc:recordNumber": "7 | 1 | 600 | ;17",
    "dwc:recordedBy": "Three Peaks Campground | Los Padres | K.A. Brownell",
    "dwc:eventDate": "1979-03-03",
    "dwc:verbatimEventDate": "DATE: 3-3-79",
    "dwc:dynamicProperties": {
        "corollaColor": "yellow",
        "flowerPart": "corolla"
    }
}