{
    "dwc:stateProvince": "California",
    "dwc:county": "Inyo",
    "dwc:country": "USA",
    "dwc:family": "Hydrophyllaceae",
    "dwc:scientificName": "Eucrypta chrysanthemifolia (Bentham) E. L. Greene\nvar. bipinnatifida (Torrey) Constance",
    "dwc:taxonRank": "variety",
    "dwc:scientificNameAuthorship": "Bentham E. L. Greene | Torrey",
    "dwc:verbatimLocality": "In main canyon on W face of Black Mountains, 1. | Wolf its summit | Protected quartzite crevices sloping 60 | with fruity odor. | Owens Valley drainage",
    "dwc:recordNumber": "S60 | 3553",
    "dwc:genus": "Artemisia | Brickellia | Ephedra",
    "dwc:recordedBy": "Eriogonum. Locally | James D. Morefield | Douglas H. McCarthy",
    "dwc:associatedTaxa": "associated: viscida",
    "dwc:verbatimElevation": "ALTO. 5150 feet",
    "dwc:minimumElevationInMeters": 1569.72,
    "dwc:eventDate": "1986-05-02",
    "dwc:verbatimEventDate": "02 May 1986",
    "dwc:dynamicProperties": {
        "TRSPresent": "present"
    }
}