{
    "dwc:stateProvince": "Arizona",
    "dwc:family": "Rosaceae",
    "dwc:scientificName": "Rubus idaeus ssp. strigosus",
    "dwc:taxonRank": "subspecies",
    "dwc:scientificNameAuthorship": "",
    "dwc:country": "USA",
    "dwc:county": "Coconino",
    "dwc:habitat": "lake",
    "dwc:verbatimLocality": "north of Swamp Ridge.",
    "dwc:verbatimElevation": "Elevation: 7650 ft",
    "dwc:minimumElevationInMeters": 2331.72,
    "dwc:associatedTaxa": "associated: Aquilegia coerulea | associated: Carex lanuginosa | associated: Carex siccata | associated: athrostachya | associated: Maianthemum stellatum | associated: Tragopogon dubius | associated: tremuloides | associated: Picea engelmannii | associated: pungens | associated: Pinus ponderosa | associated: Aster speciosus",
    "dwc:genus": "Carex | Taraxacum | Picea",
    "dwc:recordedBy": "G. Rink | W. Hodgson | B. Phillips | Arizona University",
    "dwc:recordNumber": "8793 | 05522 | 105957",
    "dwc:eventDate": "2009-07-13",
    "dwc:verbatimEventDate": "13 July 2009",
    "dwc:dynamicProperties": {
        "verbatimUTM": "UTM: 12S 383065E 4022598N NAD27",
        "UTMDatum": "NAD27"
    }
}