{
    "dwc:stateProvince": "California",
    "dwc:scientificName": "Teucrium cubense Jacq. ssp. depressum",
    "dwc:taxonRank": "subspecies",
    "dwc:scientificNameAuthorship": "Jacq",
    "dwc:verbatimLocality": "flat basin of clayish sand near dried | feet southeast of | offramp on I",
    "dwc:habitat": "lake",
    "dwc:genus": "Larrea",
    "dwc:associatedTaxa": "associated: tridentata | associated: Ambrosia dumosa",
    "dwc:recordNumber": "500 | 10 | 6",
    "dwc:recordedBy": "Wigley Wells | C.S. Jones",
    "dwc:verbatimElevation": "Elevation 700 feet",
    "dwc:minimumElevationInMeters": 213.36,
    "dwc:county": "Riverside",
    "dwc:eventDate": "1979-03-27",
    "dwc:verbatimEventDate": "DATE: 27 March 1979",
    "dwc:dynamicProperties": {
        "flowerWoodiness": "herbaceous",
        "plantDuration": "annual",
        "flowerSize": "heightLowInCentimeters: 200.0",
        "flowerColor": "blue",
        "flowerPart": "flower"
    }
}