{
    "dwc:stateProvince": "California",
    "dwc:county": "Butte",
    "dwc:scientificName": "Orobanche fasciculata Nutt. var. franciscana Archey.",
    "dwc:taxonRank": "variety",
    "dwc:scientificNameAuthorship": "Nutt | Archey",
    "dwc:verbatimLocality": "parasite on | in openings of Champ rural with | Cohasset Ridge, soft Cohasset Hwy. | . Center of ne corner of",
    "dwc:associatedTaxa": "associated: Eriodictyon californicum | associated: Adenostemma fasciculatum | associated: Arctostaphylos viscida | associated: Lepechinia calycina",
    "dwc:recordedBy": "Chico Munic. Airport | J.D. Jokerst | M O OSMP",
    "dwc:recordNumber": "R2 | 1600 | 0242 | 58979 | 2023-78 | 10",
    "dwc:eventDate": "1979-05-16",
    "dwc:verbatimEventDate": "Date: 16/V/79",
    "dwc:dynamicProperties": {
        "TRSPresent": "present"
    }
}