{
    "dwc:stateProvince": "Nevada",
    "dwc:family": "Polygonaceae",
    "dwc:scientificName": "Eriogonum viridescens A. A. Heller",
    "dwc:taxonRank": "species",
    "dwc:scientificNameAuthorship": "A. A. Heller",
    "dwc:country": "USA",
    "dwc:county": "Clark",
    "dwc:verbatimLocality": "West side of the northern | under power transmission line. | UTM Zone",
    "dwc:verbatimElevation": "Elev: ca. 2800 ft",
    "dwc:minimumElevationInMeters": 853.44,
    "dwc:genus": "Larrea",
    "dwc:associatedTaxa": "associated: Ambrosia dumosa",
    "dwc:recordedBy": "G. Rink | Arizona University",
    "dwc:recordNumber": "4636",
    "dwc:eventDate": "2005-12-15",
    "dwc:verbatimEventDate": "15 December 2005",
    "dwc:dynamicProperties": {
        "verbatimUTM": "11S 688399E 3958317N",
        "elevationUncertain": "uncertain"
    }
}