{
    "dwc:stateProvince": "California",
    "dwc:county": "Del Norte",
    "dwc:scientificName": "Vaccinium ovatum",
    "dwc:taxonRank": "species",
    "dwc:verbatimLocality": "in Reyes | Norte Co. Old Gasquet Toll Road. | Gasquet Quad. | SW slope. | Burned-over mixed pine woodland and disturbed chaparral. | 1.4 miles north of southern entrance.",
    "dwc:verbatimElevation": "Elev. 710 ft",
    "dwc:minimumElevationInMeters": 216.408,
    "dwc:habitat": "soil",
    "dwc:recordedBy": "Lindau M. Barker",
    "dwc:recordNumber": "1507",
    "dwc:eventDate": "1976-05-21",
    "dwc:verbatimEventDate": "21 May 1976",
    "dwc:dynamicProperties": {
        "TRSPresent": "present"
    }
}