{
    "dwc:scientificName": "Vitis vulpina L.",
    "dwc:taxonRank": "species",
    "dwc:scientificNameAuthorship": "Linnaeus",
    "dwc:county": "Pike",
    "dwc:verbatimLocality": "in open spots along | Soft Elkhorn City;",
    "dwc:recordedBy": "Pine Mtns | Mike Grayum | Ray Cranfill | M OSMP",
    "dwc:recordNumber": "2 | 596 | 27123 | 8559-74 | 5",
    "dwc:verbatimElevation": "elev. ca. 1050 ft",
    "dwc:minimumElevationInMeters": 320.04,
    "dwc:eventDate": "1977-05-21",
    "dwc:verbatimEventDate": "21 May, 1977",
    "dwc:dynamicProperties": {
        "headBranchWoodiness": "herbaceous",
        "headBranchColor": "blue",
        "plantPart": "head branch",
        "elevationUncertain": "uncertain"
    }
}