{
    "dwc:stateProvince": "New Mexico",
    "dwc:family": "Asclepiadaceae",
    "dwc:scientificName": "Funastrum heterophyllum (Engelm.)",
    "dwc:taxonRank": "species",
    "dwc:scientificNameAuthorship": "Engelm",
    "dwc:recordedBy": "San Miguel | R. Fletcher",
    "dwc:verbatimLocality": "LOCALITY Santa Fe N.F., Mesitas de los Ladrones | ft, sandstone, growing up inside Juniper",
    "dwc:associatedTaxa": "associated: ater | associated: monosperma",
    "dwc:recordNumber": "5800 | 6787",
    "dwc:eventDate": "1982-09-16",
    "dwc:verbatimEventDate": "9/16/1982",
    "dwc:dynamicProperties": {
        "TRSPresent": "present"
    }
}