{
    "dwc:recordNumber": "2 | 6 | 7 | 4165",
    "dwc:country": "USA",
    "dwc:stateProvince": "Florida",
    "dwc:family": "Gentianaceae",
    "dwc:scientificName": "Sabatia grandiflora",
    "dwc:taxonRank": "species",
    "dwc:recordedBy": "A.Gray | Ordway-Swisher | Management Unit | Mark Whitten",
    "dwc:identifiedBy": "Mark Whitten",
    "dwc:eventDate": "2015-05 | 2015-05-25",
    "dwc:verbatimEventDate": "May 2015 | 25 May 2015",
    "dwc:county": "Putnam",
    "dwc:verbatimLocality": "Biological Station. | b. Anderson Cue Lake. | , in west soil. | Occasional along north side of pond.",
    "dwc:verbatimElevation": "Elev. 50 m.",
    "dwc:minimumElevationInMeters": 50.0,
    "dwc:habitat": "lake",
    "dwc:verbatimCoordinates": "Lat. 29.69085 N. Long. 82.00848 W. Datum: WGS84",
    "dwc:geodeticDatum": "WGS84",
    "dwc:dynamicProperties": {
        "flowerMargin": "margin",
        "plantDuration": "annual",
        "flowerWoodiness": "herb",
        "flowerMarginSize": "heightHighInCentimeters: 150.0",
        "flowerPart": "flower",
        "flowerColor": "pink | yellow"
    }
}