{
    "dwc:stateProvince": "California",
    "dwc:family": "Polemoniaceae",
    "dwc:scientificName": "Loeseliastrum schottii (Torr.) Timbrook",
    "dwc:taxonRank": "species",
    "dwc:scientificNameAuthorship": "Torr Timbrook",
    "dwc:country": "USA",
    "dwc:recordedBy": "San Bernardino | Western Expansion | Palmas Marine Base | G. Rink | Arizona University Deaver",
    "dwc:verbatimLocality": "Area of",
    "dwc:recordNumber": "29",
    "dwc:verbatimElevation": "Elev: 850m.",
    "dwc:minimumElevationInMeters": 850.0,
    "dwc:eventDate": "2017-04-30",
    "dwc:verbatimEventDate": "30 April 2017",
    "dwc:dynamicProperties": {
        "verbatimUTM": "11S 540000E 3821000N"
    }
}