{
    "dwc:recordedBy": "Arizona Sacro | W.E.Barber",
    "dwc:scientificName": "Penstemon eatonii Gray",
    "dwc:taxonRank": "species",
    "dwc:scientificNameAuthorship": "Gray",
    "dwc:recordNumber": "20 | 112",
    "dwc:verbatimLocality": "miles northeast of Apache Jct. | Along state route 88",
    "dwc:county": "Maricopa",
    "dwc:verbatimElevation": "elevation ca. 2,180 ft",
    "dwc:minimumElevationInMeters": 664.464,
    "dwc:genus": "Cercidium | Franseria",
    "dwc:habitat": "desert",
    "dwc:eventDate": "1962-04-15",
    "dwc:verbatimEventDate": "15 April 1962",
    "dwc:dynamicProperties": {
        "elevationUncertain": "uncertain",
        "flowerPart": "flower",
        "flowerColor": "red"
    }
}