{
    "dwc:family": "Fabaceae",
    "dwc:scientificName": "Coronilla varia L.",
    "dwc:taxonRank": "species",
    "dwc:scientificNameAuthorship": "Linnaeus",
    "dwc:country": "USA",
    "dwc:stateProvince": "New Mexico",
    "dwc:county": "Bernalillo",
    "dwc:recordNumber": "4 | 5086",
    "dwc:verbatimElevation": "Elev. 6300ft",
    "dwc:minimumElevationInMeters": 1920.24,
    "dwc:verbatimLocality": "Mountains, near | Disturbed roadside of granite soil.",
    "dwc:recordedBy": "Juan Tambo | R.C. Savin",
    "dwc:associatedTaxa": "associated: Juniperus monosperma | associated: Fallugia paradoxa | associated: Ericameria nauseosa | associated: Brickellia californica",
    "dwc:eventDate": "1999-08-24",
    "dwc:verbatimEventDate": ": August 24, 1999",
    "dwc:dynamicProperties": {
        "TRSPresent": "present",
        "flowerPart": "corolla",
        "corollaColor": "pink"
    }
}