{
    "dwc:stateProvince": "Montana",
    "dwc:country": "USA",
    "dwc:scientificName": "Erigeron lonchophyllus Hook.",
    "dwc:taxonRank": "species",
    "dwc:scientificNameAuthorship": "Hook",
    "dwc:verbatimLocality": "Silver Bow Co., Montana: Rocker; | Road, Butte; | off of Interstate Hwy. | 90 at Exit 122.",
    "dwc:associatedTaxa": "associated: issleri",
    "dwc:verbatimElevation": "Elev.\n1624 m.",
    "dwc:minimumElevationInMeters": 1624.0,
    "dwc:recordNumber": "460 | 8295 | 31",
    "dwc:verbatimCoordinates": "0' 16.01\" W | 36' 59.33\"",
    "dwc:habitat": "South side of road in west area",
    "dwc:recordedBy": "Lotus, Bromus, Medicago | Lupinus, Melilotus, Alopecurus | Richard R. Halsey",
    "dwc:genus": "Poa",
    "dwc:dynamicProperties": {
        "flowerPart": "flower",
        "flowerColor": "white"
    }
}