{
    "dwc:family": "Chenopodiaceae",
    "dwc:scientificName": "Chenopodium incanum",
    "dwc:taxonRank": "species",
    "dwc:recordedBy": "S. Watts | BLM RANA | Rardin Hill | David Blakely | Collector Number",
    "dwc:country": "USA",
    "dwc:stateProvince": "New Mexico",
    "dwc:county": "Union",
    "dwc:recordNumber": "46 | 8 | 56/93 | 1995",
    "dwc:verbatimLocality": "Clayton, north of US",
    "dwc:verbatimElevation": "Elev. 4800 ft",
    "dwc:minimumElevationInMeters": 1463.04,
    "dwc:eventDate": "1984-09-02",
    "dwc:verbatimEventDate": ": 1984 Sept 02",
    "dwc:dynamicProperties": {
        "TRSPresent": "present"
    }
}