{
    "dwc:recordNumber": "7 | 8 | 3 | 1 | B-2786",
    "dwc:recordedBy": "THE SANTA BARBARA | Ventura East Anacapa | R. Blakeley",
    "dwc:stateProvince": "California",
    "dwc:scientificName": "Tamarix tetrandra Pallas",
    "dwc:taxonRank": "subspecies",
    "dwc:verbatimLocality": "feet tall | inches D. B. He Introduced | as part of the landscaping of the light station village area. | Planted on the south side of a | it gets full sun and protection from wind. | Island Coll",
    "dwc:associatedTaxa": "associated: house",
    "dwc:eventDate": "1959-04-26 | 1960-08-10",
    "dwc:verbatimEventDate": "Date: 26-April-1959 | 10-Aug.-1960",
    "dwc:identifiedBy": "E. McClintock",
    "dwc:dynamicProperties": {
        "plantPart": "tree | trunk"
    }
}