{
    "dwc:habitat": "lake | meadow",
    "dwc:associatedTaxa": "associated: peninsula",
    "dwc:country": "USA",
    "dwc:scientificName": "Luzula multiflora (Ehrh.) Lej.",
    "dwc:taxonRank": "species",
    "dwc:scientificNameAuthorship": "Ehrh Lej",
    "dwc:family": "Juncaceae",
    "dwc:verbatimLocality": "and grassy disturbed ground, full sun, Chignik, Anchorage Bay",
    "dwc:verbatimElevation": "elev. 10 m",
    "dwc:minimumElevationInMeters": 10.0,
    "dwc:verbatimCoordinates": "56.301\u00b0 N, 158.415\u00b0 W",
    "dwc:eventDate": "2014-07-15",
    "dwc:verbatimEventDate": "15 July 2014",
    "dwc:recordedBy": "Peters F. Zizka",
    "dwc:recordNumber": "26698",
    "dwc:dynamicProperties": {
        "habit": "cespitose"
    }
}