{
    "dwc:genus": "Brassicaceae",
    "dwc:scientificName": "Lepidium densiflorum Schrad. var. pubecarpum (A. Nels.) Thellung",
    "dwc:taxonRank": "variety",
    "dwc:scientificNameAuthorship": "Schrad | A. | Nels | Thellung",
    "dwc:country": "USA",
    "dwc:stateProvince": "New Mexico",
    "dwc:county": "San Juan",
    "dwc:verbatimElevation": "Elevation: 5,020 ft",
    "dwc:minimumElevationInMeters": 1530.096,
    "dwc:verbatimLocality": "Navajo Indiana Reservation; | Red Wash Drainage area; | about 1.25 miles north of Red | on U.S. Highway | Steep slopes along base of rocky pediment fan terrace; | silty to silty-clay soils with gravel to small boulders; | terrace cover badlands erosional slopes weathered from lower Manchas shale. | Dwarf Mountains Mahogany,logan",
    "dwc:recordedBy": "Wash Bridge | A. Clifford",
    "dwc:recordNumber": "64 | 01-66",
    "dwc:habitat": "clay | sagebrush",
    "dwc:eventDate": "2001-04-10",
    "dwc:verbatimEventDate": "10 April 2001",
    "dwc:dynamicProperties": {
        "TRSPresent": "present",
        "plantColor": "purple | black",
        "plantPart": "plant"
    }
}