{
    "dwc:scientificName": "Oenothera decorticans (Hook. & Arnold) Greene\nvar. condensata Munz",
    "dwc:taxonRank": "variety",
    "dwc:scientificNameAuthorship": "Hook and Arnold Greene | Munz",
    "dwc:county": "San Juan",
    "dwc:verbatimLocality": ": dry, sandy area between | on opposite side of Colorado",
    "dwc:habitat": "river | canyon",
    "dwc:recordNumber": "2 | 927",
    "dwc:recordedBy": "Klondike Bear | Xerpha M. Gaines",
    "dwc:eventDate": "1957-04-27",
    "dwc:verbatimEventDate": "April 27, 1957",
    "dwc:dynamicProperties": {
        "partLocation": "below"
    }
}