{
    "dwc:stateProvince": "Arizona",
    "dwc:county": "Mohave",
    "dwc:country": "USA",
    "dwc:scientificName": "Camissonia brevipes (Gray) Raven",
    "dwc:taxonRank": "species",
    "dwc:scientificNameAuthorship": "Gray Raven",
    "dwc:verbatimLocality": "e. of Andrus Canyon on access rd. | from trail canyon. | Furniss, B.",
    "dwc:verbatimCoordinates": "\n36\u00b011.34'N 113\u00b022.79'W",
    "dwc:genus": "Coleogyne | Yucca | Ephedra | Opuntia",
    "dwc:recordedBy": "Gutierrezia, Dyssodia, Bromus | Stanley L. Welsh | Brigham Young | University, Provo, Utah",
    "dwc:verbatimElevation": "Elev. 3670 ft",
    "dwc:minimumElevationInMeters": 1118.616,
    "dwc:recordNumber": "30858 | 9",
    "dwc:eventDate": "2005-04-20",
    "dwc:verbatimEventDate": "20-Apr-2005"
}