{
    "dwc:recordedBy": "BOTANY, DAVIS, CALIFORNIA | Harrison Grande | U.C. Davis | Romana Gankin | W. R. Hildreth",
    "dwc:scientificName": "Arctostaphylos stanfordiana Parry",
    "dwc:taxonRank": "species",
    "dwc:scientificNameAuthorship": "Parry",
    "dwc:associatedTaxa": "associated: bakeri",
    "dwc:verbatimLocality": "burl, ca. | feet tall; | Road, near summit, east of Occidental, Sonoma County, California. | Arboretum Accession No.",
    "dwc:recordNumber": "10 | 1075",
    "dwc:habitat": "soil",
    "dwc:eventDate": "1967-10-04",
    "dwc:verbatimEventDate": "October 4, 1967",
    "dwc:dynamicProperties": {
        "plantPart": "shrub"
    }
}