{
    "dwc:family": "Asteraceae",
    "dwc:verbatimLocality": "NEW MEXICO, U.S.A. | G. I. Baird | ) Reveal & Schuyler | opposite mouth of Gardiners Canyon, on southwest side of golf course on southwest side of Raton. | GPS reading Dry weedy road shoulders | to over | meters tall;",
    "dwc:scientificName": "Ericameria nauseosa (Pall. ex Pursh) G. L. Nesom",
    "dwc:taxonRank": "species",
    "dwc:scientificNameAuthorship": "Pall and Pursh G. L. Nesom",
    "dwc:associatedTaxa": "associated: graveolens | associated: Helianthus annuus | associated: nauseosa",
    "dwc:county": "Colfax",
    "dwc:recordedBy": "Vermejo Park Ranch | Dillon Canyon | Bend Legler | Park Ranch",
    "dwc:recordNumber": "476 | 1 | 7125",
    "dwc:verbatimCoordinates": "\n36\u00b0 53' 11.4\" N, 104\u00b0 28' 19.3\" W",
    "dwc:genus": "Ericameria",
    "dwc:eventDate": "2007-08-06",
    "dwc:verbatimEventDate": "6 Aug 2007",
    "dwc:verbatimElevation": "Elev. 6,625 ft",
    "dwc:minimumElevationInMeters": 2019.3,
    "dwc:dynamicProperties": {
        "flowerCount": "low: 84",
        "flowerSize": "lengthLowInCentimeters: 700.0",
        "flowerPart": "flower",
        "flowerColor": "yellow",
        "shrubShape": "branched",
        "plantPart": "shrub"
    }
}