{
    "dwc:country": "USA",
    "dwc:stateProvince": "Florida",
    "dwc:family": "Lamiaceae",
    "dwc:scientificName": "Hyptis mutabilis",
    "dwc:taxonRank": "species",
    "dwc:recordedBy": "A. Rich | Ordway-Swisher | Lucas C. Majure | Kurt Neubig | Mark Whitten | Ordway-Swisher Barcode",
    "dwc:identifiedBy": "Lucas Majure",
    "dwc:eventDate": "2014-07 | 2014-06-30",
    "dwc:verbatimEventDate": "July 2014 | 30 June 2014",
    "dwc:county": "Putnam",
    "dwc:verbatimLocality": "Biological Station: Management unit A | vicinity of west entrance gate. | Fencerows and old fields.",
    "dwc:recordNumber": "8 | 5233 | 000638",
    "dwc:verbatimElevation": "Elev. 51 m.",
    "dwc:minimumElevationInMeters": 51.0,
    "dwc:verbatimCoordinates": "Lat. 29.67315 N. Long. 82.03243 W. Datum: WGS84",
    "dwc:geodeticDatum": "WGS84",
    "dwc:dynamicProperties": {
        "flowerWoodiness": "herbaceous",
        "plantDuration": "perennial",
        "flowerSize": "heightHighInCentimeters: 100.0",
        "flowerPart": "flower",
        "flowerColor": "blue"
    }
}