{
    "dwc:associatedTaxa": "associated: cereum | associated: inebrians",
    "dwc:recordNumber": "14 | t3 | 30 | 466 | 27 | 197)\n15000-855 | 6-73",
    "dwc:stateProvince": "California",
    "dwc:verbatimLocality": "Herbarium of California State University | Low growing | Scattered on rocky outcrops.",
    "dwc:scientificName": "Ribes inebrians Lindl.",
    "dwc:taxonRank": "species",
    "dwc:scientificNameAuthorship": "Lindl",
    "dwc:county": "Inyo",
    "dwc:recordedBy": "Mt. Whitney | Sierra Nevada | Tom Gordon | Paulo McDonald | SM OSMP",
    "dwc:dynamicProperties": {
        "plantPart": "shrub"
    }
}