{
    "dwc:family": "Asteraceae",
    "dwc:stateProvince": "Arizona",
    "dwc:county": "Yavapai",
    "dwc:scientificName": "Grindelia nuda Woods",
    "dwc:taxonRank": "species",
    "dwc:scientificNameAuthorship": "Woods",
    "dwc:verbatimLocality": "Nesom Watson Woods Riparian Preserve, Prescott Quadrangle | south of Granite Dells, just south of Watson Lake, east of Granite Creek channel, along trail; | in sandy flood | with pleasant odor;",
    "dwc:verbatimCoordinates": "\nN38 26 830 E03 69 000",
    "dwc:recordNumber": "R2SWRS.24 | 2005",
    "dwc:verbatimElevation": "; 5180\u2019\n(1580m)",
    "dwc:minimumElevationInMeters": 1578.864,
    "dwc:recordedBy": "NE Prescott | Theresa Wright",
    "dwc:habitat": "plain",
    "dwc:associatedTaxa": "associated: Achillea millefolium | associated: Artemisia carruthii | associated: Brickellia floribunda | associated: Bromus diandrus | associated: inermis | associated: Carex occidentalis | associated: Celtis reticulata | associated: maculatum | associated: Dactylis glomerata | associated: Elaeagnus angustifolia | associated: trachycaulus | associated: Eriogonum polycladon | associated: E. wrightii | associated: arundinacea | associated: Helianthus annuus | associated: Heterotheca psammophila | associated: Hordeum jubatum | associated: Kochia scoparia | associated: Lepidium densiflorum | associated: Linaria dalmatica | associated: Machaeranthera gracilis | associated: vulgare | associated: Mentzelia multiflora | associated: Mimulus guttatus | associated: glabra | associated: Myosurus minimus | associated: Oenothera cespitosa | associated: Poa pratensis | associated: Populus fremontii | associated: Rumex crispus | associated: Secale cereale | associated: multilobatus | associated: Sonchus aspera | associated: Thalictrum fendleri | associated: angustifolia | associated: Ulmus pumila | associated: Verbascum thapsus | associated: Anagallis - | associated: aquatica",
    "dwc:genus": "Argemone | Conium | Elymus | Festuca | Marrubium | Mirabilis | Senecio | Typha | Veronica",
    "dwc:eventDate": "1997-08-20",
    "dwc:verbatimEventDate": "20 August 1997",
    "dwc:dynamicProperties": {
        "plantDuration": "perennial",
        "flowerPart": "flower",
        "flowerColor": "yellow"
    }
}