{
    "dwc:family": "Scrophulariaceae",
    "dwc:scientificName": "Penstemon strictus Benth.",
    "dwc:taxonRank": "species",
    "dwc:scientificNameAuthorship": "Benth",
    "dwc:verbatimLocality": "Collected from the campus of Northern Arizona University @ the | parking left. | Co Schaack",
    "dwc:recordedBy": "J. Lawrence | Walupt Sky Dome | B C Schack | ARIZONA UNIVERSITY",
    "dwc:eventDate": "1986-06-17",
    "dwc:verbatimEventDate": "17 June 1986",
    "dwc:recordNumber": "6900 | U8",
    "dwc:identifiedBy": "C. Schaack"
}