{
    "dwc:family": "Polypodiaceae",
    "dwc:genus": "Notholaena | Nolina | Prosopis",
    "dwc:stateProvince": "New Mexico",
    "dwc:county": "Otero",
    "dwc:verbatimLocality": "Flat atop depositional aprion surrounding Alamos Mountains on west side of mountain. | Rocks crevices in large medium-grained igneous intrusive boulders. | and yellow lichens on boulders. | and other grasses",
    "dwc:scientificName": "Bouteloua gracilis",
    "dwc:taxonRank": "species",
    "dwc:associatedTaxa": "associated: B. eriopoda | associated: plus | associated: Yucca elata",
    "dwc:recordedBy": "Jim McGrath",
    "dwc:recordNumber": "32\nd/m/y",
    "dwc:eventDate": "1995-04-15",
    "dwc:verbatimEventDate": ": 15/04/1995",
    "dwc:dynamicProperties": {
        "TRSPresent": "present",
        "plantColor": "gray-green",
        "plantPart": "plant"
    }
}