{
    "dwc:recordedBy": "SAN JOSE | W. Savage",
    "dwc:stateProvince": "California",
    "dwc:family": "Onagraceae",
    "dwc:scientificName": "Oenothera andina Nutt.",
    "dwc:taxonRank": "species",
    "dwc:scientificNameAuthorship": "Nutt",
    "dwc:recordNumber": "3 | \nA23 | 336",
    "dwc:verbatimLocality": "inches tall; | of small | , two miles east of Calpine | south of County",
    "dwc:habitat": "soil | meadow | forest",
    "dwc:genus": "Pinus",
    "dwc:verbatimElevation": "alt. 4500 ft",
    "dwc:minimumElevationInMeters": 1371.6,
    "dwc:county": "Sierra",
    "dwc:eventDate": "1964-06-30",
    "dwc:verbatimEventDate": "30-VI-1964",
    "dwc:dynamicProperties": {
        "plantDuration": "annual",
        "margin": "margin",
        "marginSize": "lengthLowInCentimeters: 9144.0"
    }
}