{
    "dwc:stateProvince": "Arizona",
    "dwc:family": "Grossulariaceae",
    "dwc:scientificName": "Ribes leptanthum Gray",
    "dwc:taxonRank": "species",
    "dwc:scientificNameAuthorship": "Gray",
    "dwc:identifiedBy": "Brian Recif",
    "dwc:country": "USA",
    "dwc:county": "Coconino",
    "dwc:habitat": "canyon | shrubland",
    "dwc:recordNumber": "1/2 | 0307 | 27 | 50 | 10797 | 05507 | 94229",
    "dwc:verbatimLocality": "miN from Widforss Point. | North-facing | slope in past burn with about",
    "dwc:recordedBy": "NPS-NVMP | Mature Robinia | B. Recif | Arizona University",
    "dwc:associatedTaxa": "associated: neomexicana | associated: Quercus gambellii | associated: leptanthum",
    "dwc:genus": "Ribes",
    "dwc:verbatimElevation": "Elevation: 7660 ft",
    "dwc:minimumElevationInMeters": 2334.768,
    "dwc:eventDate": "2007-06-01",
    "dwc:verbatimEventDate": "1 June 2007",
    "dwc:dynamicProperties": {
        "rim": "rim",
        "verbatimUTM": "UTM: 12S 402446E 4004798N NAD83",
        "UTMDatum": "NAD83"
    }
}