{
    "dwc:habitat": "desert",
    "dwc:family": "Boraginaceae",
    "dwc:scientificName": "Pholistoma membranaceum (Benth.) Const.",
    "dwc:taxonRank": "species",
    "dwc:scientificNameAuthorship": "Benth Const",
    "dwc:recordedBy": "San Bernardino | Painted Rocks | Sunflower Wash | Painted Rocks Wash | J.M. Andrew",
    "dwc:verbatimLocality": "California: Old Woman Mountains; | Woman Mountains Preserve, Native American Land Conservancy. | East side of orange, just east of Old Woman | west of | , at west end of Section | south of | of large granitic boulders | north facing slope",
    "dwc:recordNumber": "1 | 17 | 2 | NAD83 | 23775 | 12",
    "dwc:verbatimElevation": "Elev: 3188 ft",
    "dwc:minimumElevationInMeters": 971.702,
    "dwc:verbatimCoordinates": "N34\u00b0 31.346'\nW115\u00b0 07.335' 7.5'",
    "dwc:associatedTaxa": "associated: Larrea tridentata | associated: Lycium andersonii | associated: linearifolia | associated: Salazaria mexicana",
    "dwc:genus": "Ericameria",
    "dwc:dynamicProperties": {
        "subpartAsLocation": "at base"
    }
}