{
    "dwc:associatedTaxa": "associated: aquatic | associated: rio",
    "dwc:habitat": "wetland | dry lake | lake",
    "dwc:verbatimLocality": "PLANTS OF COCONINO NATIONAL FOREST | , 1 miles south of the Junction of U.S.F.S. Road 141, along U.S.F.S. Road 612. | along east side of | miles south of | , in Long Valley. | Long Valley Quad.",
    "dwc:family": "Poaceae",
    "dwc:scientificName": "Glyceria borealis (Nash) Batchelder",
    "dwc:taxonRank": "species",
    "dwc:scientificNameAuthorship": "Nash Batchelder",
    "dwc:genus": "Eleocharis | Coreopsis | Alisma",
    "dwc:county": "Coconino",
    "dwc:recordNumber": ".Ca.3 | S17 | 20 | 1484",
    "dwc:recordedBy": "Clints Well | John Ricketson | SPECIMENS DISTRIBUTED | ASC MO ROSA",
    "dwc:eventDate": "1984-07-11",
    "dwc:verbatimEventDate": "July 11, 1984",
    "dwc:verbatimElevation": "7260 feet (2213 meters)",
    "dwc:minimumElevationInMeters": 2212.848,
    "dwc:dynamicProperties": {
        "flowerPart": "floret",
        "floretColor": "green",
        "plantDuration": "perennial"
    }
}