{
    "dwc:stateProvince": "Florida",
    "dwc:habitat": "river | pond",
    "dwc:family": "Asteraceae",
    "dwc:associatedTaxa": "associated: nudatus",
    "dwc:verbatimLocality": "A Gray COUNTY PUTNAM: Hydric mixed Longleaf | Slash Pinal forest west of Palatka | . next to Hwy | West about miles west of Hwy",
    "dwc:recordNumber": "100 | 29 | M11",
    "dwc:recordedBy": "Caill Slaughter",
    "dwc:eventDate": "1998-08",
    "dwc:verbatimEventDate": "August 1998",
    "dwc:dynamicProperties": {
        "flowerPart": "flower"
    }
}