{
    "dwc:stateProvince": "Nevada",
    "dwc:scientificName": "Solidago confinis A. Gray",
    "dwc:taxonRank": "species",
    "dwc:scientificNameAuthorship": "A. Gray",
    "dwc:verbatimLocality": "Blue Point Springs, 0.5 miles west of Northshore Road, Lake Meade National Recreation Area;",
    "dwc:habitat": "stream | with Prosopis glandulosa, Prosopis pubescens, Pluchea sericea, Sporobolus airoides, Rumex crispus",
    "dwc:verbatimElevation": "elev. 1640 ft (500 m)",
    "dwc:minimumElevationInMeters": 499.872,
    "dwc:county": "Clark",
    "dwc:recordedBy": "J.S. Holland",
    "dwc:recordNumber": "2016-310 | O02",
    "dwc:eventDate": "2016-11",
    "dwc:verbatimEventDate": "November 2016",
    "dwc:dynamicProperties": {
        "TRSPresent": "present"
    }
}