{
    "dwc:stateProvince": "Arizona",
    "dwc:family": "Asteraceae",
    "dwc:scientificName": "Oncosiphon piluliferum",
    "dwc:taxonRank": "species",
    "dwc:country": "USA",
    "dwc:county": "Maricopa",
    "dwc:verbatimLocality": "North Mountains/Shaw Butte section of the Phoenix Mountains Preserve. | Supported by the Central Arizona Conservation Alliance and the Plants Atlas Project of Arizona Desert Botanical Garden",
    "dwc:verbatimElevation": "Elev: 403m. (1321ft)",
    "dwc:minimumElevationInMeters": 403.0,
    "dwc:habitat": "sonoran desert scrub",
    "dwc:recordedBy": "Wendy C. Hodgson | Debis Quarry | Palm Bourdon",
    "dwc:recordNumber": "29370",
    "dwc:eventDate": "2014-05-28",
    "dwc:verbatimEventDate": "28 May 2014",
    "dwc:genus": "Sylvia",
    "dwc:dynamicProperties": {
        "verbatimUTM": "12S 399414E 3716785N",
        "plantDuration": "annual",
        "woodiness": "herb"
    }
}