{
    "dwc:stateProvince": "California",
    "dwc:county": "Alpine",
    "dwc:country": "USA",
    "dwc:scientificName": "Monardella odoratissima ssp pallida (Heller) Expl.",
    "dwc:taxonRank": "subspecies",
    "dwc:scientificNameAuthorship": "Heller Expl",
    "dwc:verbatimLocality": "Northern Sierra Nevada Mountains | miles north of the parking area for | Juncture of",
    "dwc:habitat": "woodlands | lake | meadow | creek | coniferous forest | rocky slope",
    "dwc:recordNumber": ",03 | 11112 | 10912",
    "dwc:verbatimCoordinates": "38\u00b041'36\"N, 120\u00b000'30\"W)",
    "dwc:verbatimElevation": "Alto.: 2509m/8230ft",
    "dwc:minimumElevationInMeters": 2509.0,
    "dwc:recordedBy": "G K. Helmkamp",
    "dwc:eventDate": "2006-08-03",
    "dwc:verbatimEventDate": "03 Aug 2006"
}