{
    "dwc:stateProvince": "California",
    "dwc:scientificName": "Phacelia divaricata var. congdonii",
    "dwc:taxonRank": "variety",
    "dwc:verbatimLocality": "Scattered with Crypt | on gentle east- facing grassy slope. | Road at Ca. | COLLECTOR: Christopher DATE: May",
    "dwc:associatedTaxa": "associated: xantha",
    "dwc:genus": "Hordeum | Erodium",
    "dwc:habitat": "sandy clay soil",
    "dwc:verbatimElevation": "Elevation 4900 ft",
    "dwc:minimumElevationInMeters": 1493.52,
    "dwc:recordedBy": "Alder Creek",
    "dwc:recordNumber": "155 | 18",
    "dwc:county": "Kern",
    "dwc:dynamicProperties": {
        "habit": "erect | branching",
        "plantDuration": "annual",
        "corollaSize": "heightHighInCentimeters: 20.0",
        "flowerPart": "corolla",
        "corollaColor": "purple"
    }
}