{
    "dwc:stateProvince": "Nevada",
    "dwc:scientificName": "Thelypodium integrifolium",
    "dwc:taxonRank": "species",
    "dwc:associatedTaxa": "associated: complanatum",
    "dwc:verbatimLocality": "Al-Shehbaz ORMSBY CO. | , N end of the Pine Nutt Mts. | ,.8 road miles Elof the Brunswick Canyon bridge on road along the carson | Growing in moist areas near the seepages | feet tall.",
    "dwc:habitat": "river",
    "dwc:recordNumber": "8 | 12170",
    "dwc:eventDate": "1996-08-08",
    "dwc:verbatimEventDate": "8 Aug 1996",
    "dwc:recordedBy": "Arnold Tiehm | Janet Baird",
    "dwc:genus": "Brassicaceae",
    "dwc:dynamicProperties": {
        "TRSPresent": "present",
        "plantPart": "plant"
    }
}