{
    "dwc:family": "Cruciferae",
    "dwc:verbatimLocality": "HERBARIUM OF THE UNIVERSITY OF CALIFORNIA CALIFORNIA | Chromosome determination | bivalents at meiosis.",
    "dwc:scientificName": "Thelypodium lasiophyllum (H. & A.) Greene",
    "dwc:taxonRank": "species",
    "dwc:scientificNameAuthorship": "H. and A. Greene",
    "dwc:recordedBy": "Red Rocks | R. Snow",
    "dwc:habitat": "canyon",
    "dwc:county": "Kern",
    "dwc:recordNumber": "1 | 410-1",
    "dwc:eventDate": "1958-03-30",
    "dwc:verbatimEventDate": "30 March 1958"
}