{
    "dwc:genus": "Wolffiella | Ceratophyllum | Azolla | Lemna | Spirodela",
    "dwc:verbatimLocality": "Growing the Scattered | West duckweed | Elof Gulf by with surface. | to the main-made W East the Witsell | locally early lake 92.27548. | formed Springs FLORA the common with by Tertiary | , in mature | OF Natural etc. | Club Uplands Less. | open diverse of quadrangle. | AS Commission | natural Vicinity | . of Fuego D.r",
    "dwc:habitat": "swamp | plain | lake",
    "dwc:scientificName": "Landoltia ARACEAE",
    "dwc:taxonRank": "species",
    "dwc:associatedTaxa": "associated: gladiata | associated: punctata | associated: mexicana | associated: demersum",
    "dwc:recordedBy": "Endl. Coastal | Country Saline",
    "dwc:recordNumber": "2 | 0",
    "dwc:eventDate": "2007-11-09",
    "dwc:verbatimEventDate": "11/9/2007",
    "dwc:dynamicProperties": {
        "TRSPresent": "present",
        "plantPart": "plant"
    }
}