{
    "dwc:scientificName": "Coreopsis ASTERACEAE",
    "dwc:taxonRank": "species",
    "dwc:verbatimLocality": "the Witsell in woodland W Area. | with patches. | of Fresh | ligules bluff. | SW Mountains F | field County with Ecoregion. | Commission houses. | Kings RS",
    "dwc:associatedTaxa": "associated: palmata",
    "dwc:recordNumber": "2 | 03-0529",
    "dwc:recordedBy": "Kings Upper | Christ Nutt | Arkansas Tracey | Vand Madison",
    "dwc:habitat": "river",
    "dwc:eventDate": "2003-06-18",
    "dwc:verbatimEventDate": "6/18/2003",
    "dwc:dynamicProperties": {
        "partLocation": "above",
        "habit": "upright",
        "plantColor": "orange-yellow",
        "plantPart": "plant"
    }
}