{
    "dwc:stateProvince": "Arizona",
    "dwc:family": "Pontederiaceae",
    "dwc:verbatimLocality": "Emergent macrophytes; | Bubbling Springs at Oak Creek margin; | dense riparian gallery forest of mulberry, cottonwood, willow | wash, walnut",
    "dwc:county": "Yavapai",
    "dwc:verbatimElevation": "Elev.: ca. 3600 ft",
    "dwc:minimumElevationInMeters": 1097.28,
    "dwc:recordedBy": "R. Healy | Carya Raisoner | ARIZONA UNIVERSITY",
    "dwc:eventDate": "1988-10-07",
    "dwc:verbatimEventDate": "7 Oct 1988",
    "dwc:dynamicProperties": {
        "leafPart": "leaved",
        "elevationUncertain": "uncertain"
    }
}