{
    "dwc:stateProvince": "Arizona",
    "dwc:county": "Gila",
    "dwc:scientificName": "Aristolochia watsonii Woot. & Standl",
    "dwc:taxonRank": "species",
    "dwc:scientificNameAuthorship": "Woot and Standl",
    "dwc:family": "Aristolochiaceae",
    "dwc:recordedBy": "Kayser Butte | G.L. Clifton",
    "dwc:verbatimLocality": "Tonto Basin Quads. | Tonto Basin from | in elevation: drawing | in drainage that empties into Tonto Creek.",
    "dwc:recordNumber": "2180-2600 | 32732",
    "dwc:eventDate": "2005-04-24 | 1994-10",
    "dwc:verbatimEventDate": "Date: 04/24-05 | 10/1994",
    "dwc:dynamicProperties": {
        "plantPart": "shrub"
    }
}