{
    "dwc:stateProvince": "Arizona",
    "dwc:family": "Asclepiadaceae",
    "dwc:scientificName": "Asclepias asperula (Decne.) Woods.",
    "dwc:taxonRank": "species",
    "dwc:scientificNameAuthorship": "Decne Woods",
    "dwc:country": "USA",
    "dwc:recordedBy": "Arizona. Yavapai | Arizona University",
    "dwc:recordNumber": "15",
    "dwc:verbatimLocality": "miles SWof Seligman, on road to Fort Rocks Ranch",
    "dwc:verbatimCoordinates": "\n35\u00b0 14' 40\" N, 113\u00b0 5' 5\" W",
    "dwc:eventDate": "1962-06-02",
    "dwc:verbatimEventDate": "2 June 1962"
}