{
    "dwc:stateProvince": "Nevada",
    "dwc:country": "USA",
    "dwc:county": "Nye",
    "dwc:verbatimCoordinates": "\n36.087351 -115.912882",
    "dwc:verbatimElevation": "Elev: 844m.",
    "dwc:minimumElevationInMeters": 844.0,
    "dwc:recordNumber": "2770 | 16842",
    "dwc:recordedBy": "Baccharis, Prosopis, Larrea | G. Rink",
    "dwc:genus": "Tamarix | Xanthium | Stanleya",
    "dwc:associatedTaxa": "associated: Juncus balticus",
    "dwc:eventDate": "2021-05-01",
    "dwc:verbatimEventDate": "1 May 2021",
    "dwc:dynamicProperties": {
        "verbatimUTM": "11S 597873E 3994184N"
    }
}