{
    "dwc:stateProvince": "Arizona",
    "dwc:family": "Vitaceae",
    "dwc:scientificName": "Vitis arizonica Engelm.",
    "dwc:taxonRank": "species",
    "dwc:scientificNameAuthorship": "Engelm",
    "dwc:country": "USA",
    "dwc:county": "Gila",
    "dwc:verbatimLocality": "Tonto National Forest; | campground off Forest Service Rd 200; | in mostly Juniper- oak forest witih scattered pinyon pine.",
    "dwc:habitat": "creek | stream",
    "dwc:recordNumber": ",-110962520 | 1630 | 6928",
    "dwc:verbatimElevation": "Elevation: 5336 ft",
    "dwc:minimumElevationInMeters": 1626.413,
    "dwc:associatedTaxa": "associated: Juniperus deppeana | associated: Quercus grisea | associated: Pinus edulis | associated: ponderosa | associated: Carex senta | associated: arundinacea | associated: Dactylis glomerata | associated: microcarpa | associated: Aquilegia chrysantha | associated: Populus angustifolia | associated: P. tremuloides | associated: oblongifolia | associated: wrightii | associated: Acer negundo | associated: Quercus emoryi",
    "dwc:genus": "Festuca | Scirpus | Rubus | Alnus | Salix",
    "dwc:recordedBy": "Luiz Marking",
    "dwc:eventDate": "2021-06-11",
    "dwc:verbatimEventDate": "11 June 2021",
    "dwc:dynamicProperties": {
        "partLocation": "above",
        "plantDuration": "perennial"
    }
}