{
    "dwc:stateProvince": "Arizona",
    "dwc:genus": "Bromus | Prosopis | Salix",
    "dwc:county": "Maricopa",
    "dwc:verbatimLocality": "Tonto National Forest. | Recreation area on Salt River near junction of | Highway and Power | confluence with Verde River. | dominated riparian habitat. | Growing along river.",
    "dwc:recordedBy": "Usery Pass | L.R. Landrum | With G. J. Imdorf | K. Rice",
    "dwc:recordNumber": ",ca.5 | 1400 | 6725",
    "dwc:eventDate": "1990-04-06",
    "dwc:verbatimEventDate": "6 April 1990",
    "dwc:dynamicProperties": {
        "partLocation": "above"
    }
}