{
    "dwc:stateProvince": "Arizona",
    "dwc:family": "Polypodiaceae",
    "dwc:scientificName": "Bommeria hispida (Mett.) Underw.",
    "dwc:taxonRank": "species",
    "dwc:scientificNameAuthorship": "Mett Underw",
    "dwc:county": "Yavapai",
    "dwc:recordNumber": "1 | 3770",
    "dwc:verbatimLocality": "miles west of | Road on | Road, Prescott area HABITAT Decomposing granite ELEV.",
    "dwc:recordedBy": "Willow Springs | Iron Springs | David Keil",
    "dwc:eventDate": "1968-03-09",
    "dwc:verbatimEventDate": "DATE 3-IX-1968"
}