{
    "dwc:stateProvince": "Arizona",
    "dwc:scientificName": "Linum usitatissimum L.",
    "dwc:taxonRank": "species",
    "dwc:scientificNameAuthorship": "Linnaeus",
    "dwc:county": "Pima",
    "dwc:habitat": "canyon",
    "dwc:verbatimLocality": "on NE side of Sauceda Mts. | . Basalt substrate.",
    "dwc:recordNumber": "9 | 15 | 2800 | 7410\nw | 23 | 198",
    "dwc:recordedBy": "Sikort Chuapo | Sonoran Desertscrub | M. Butterwick | D. Hillyard",
    "dwc:genus": "Cercidium | Muhlenbergia",
    "dwc:associatedTaxa": "associated: aphyllum | associated: Carnegiea gigantea | associated: porteri | associated: Tridens muticus",
    "dwc:dynamicProperties": {
        "TRSPresent": "present"
    }
}