{
    "dwc:stateProvince": "Arizona",
    "dwc:scientificName": "Setaria macrostachya Kunth",
    "dwc:taxonRank": "species",
    "dwc:scientificNameAuthorship": "Kunth",
    "dwc:family": "Poaceae",
    "dwc:county": "Cochise",
    "dwc:habitat": "river floodplain | Young cottonwood/willow forest ca | river",
    "dwc:genus": "Cascabela | Sporobolus",
    "dwc:verbatimElevation": "Elevation: 927m",
    "dwc:minimumElevationInMeters": 927.0,
    "dwc:verbatimLocality": "Associated spp",
    "dwc:associatedTaxa": "associated: Eriogonum abertianum | associated: contractus | associated: Melilotus albus",
    "dwc:recordedBy": "Kern Bastard",
    "dwc:recordNumber": "442",
    "dwc:eventDate": "2001-08-25",
    "dwc:verbatimEventDate": "25 Aug 2001"
}