{
    "dwc:stateProvince": "Arizona",
    "dwc:scientificName": "Mecardonia vandellioides (H.B.K.) Pennell",
    "dwc:taxonRank": "species",
    "dwc:scientificNameAuthorship": "H. B. K. Pennell",
    "dwc:verbatimLocality": "original label name",
    "dwc:associatedTaxa": "associated: Mecardonia peduncularis",
    "dwc:county": "Pima",
    "dwc:habitat": "canyon",
    "dwc:recordedBy": "Santa Catalina | J. Thornber",
    "dwc:recordNumber": "3000 | 5042 | 1995",
    "dwc:eventDate": "1903-05",
    "dwc:verbatimEventDate": "May 1903"
}