{
    "dwc:stateProvince": "Arizona",
    "dwc:scientificName": "Acourtia nana",
    "dwc:taxonRank": "species",
    "dwc:recordedBy": "A. Gray | Santa Cruz Flats | Wolf Interstate | Walter Fertil | Luiz Marking | Dave Brown",
    "dwc:verbatimLocality": "Reveal & King | , 5.5 miles SWof Picacho Peak, 7.5 miles Soft Picacho, 3.7 miles ESE of Friendly Corners, ca 8.2 miles",
    "dwc:family": "Asteraceae",
    "dwc:county": "Pinal",
    "dwc:recordNumber": "NW4 | NE4 | 10 | 29167",
    "dwc:habitat": "sonoran desert | bosque | sandy clay soil",
    "dwc:associatedTaxa": "associated: Prosopis velutina | associated: Larrea tridentata | associated: Erodium cicutarium | associated: aromatica",
    "dwc:genus": "Plantago | Malva | Pectocarya",
    "dwc:eventDate": "2014-02-21",
    "dwc:verbatimEventDate": "21 February 2014",
    "dwc:verbatimElevation": "Elev. 1777 ft",
    "dwc:minimumElevationInMeters": 541.63,
    "dwc:dynamicProperties": {
        "TRSPresent": "present",
        "verbatimUTM": "UTM: 12S 454340E 3607038N NAD83",
        "UTMDatum": "NAD83",
        "flowerColor": "red",
        "flowerPart": "flower"
    }
}