{
    "dwc:stateProvince": "Arizona",
    "dwc:family": "Polygonaceae",
    "dwc:scientificName": "Eriogonum reniforme Torr. & Farm.",
    "dwc:taxonRank": "species",
    "dwc:scientificNameAuthorship": "Torr and Farm",
    "dwc:county": "Yuma",
    "dwc:verbatimLocality": "LOCATION Ca 6.5 mi | near roadside clearing, just Elof miles post",
    "dwc:recordedBy": "SE Bouse | Elinor Lehto",
    "dwc:recordNumber": "31 | L21178",
    "dwc:habitat": "Sandy flat with Larrea, Opuntia ramosissima and Ambrosia dumosa Lytle McGill & ELEV",
    "dwc:eventDate": "1977-09-04",
    "dwc:verbatimEventDate": "Date 9-IV-1977",
    "dwc:identifiedBy": "E.Lehto"
}