{
    "dwc:stateProvince": "Arizona",
    "dwc:family": "Gramineae",
    "dwc:scientificName": "Distichlis stricta (Torr.) Rydb.",
    "dwc:taxonRank": "species",
    "dwc:scientificNameAuthorship": "Torr Rydb",
    "dwc:county": "Mohave",
    "dwc:verbatimLocality": "LOCATION W. bank of | along US | 3.1 Elof Jct | in Wickieup.",
    "dwc:recordedBy": "Big Shaley | Chicken Springs | Rd | Elinor Lehto | Lytle McGill",
    "dwc:habitat": "river | Salty intermittent stream, Distichlis, Tessaria and Atriplex",
    "dwc:recordNumber": "93 | L22927",
    "dwc:eventDate": "1978-05-30",
    "dwc:verbatimEventDate": "30-V-1978",
    "dwc:identifiedBy": "E. Lehto"
}