{
    "dwc:stateProvince": "Arizona",
    "dwc:scientificName": "Trachypogon secundus (Presl.) Scribn.",
    "dwc:taxonRank": "species",
    "dwc:scientificNameAuthorship": "Presl Scribn",
    "dwc:county": "Pima",
    "dwc:verbatimLocality": "Las Guijas Mts. | , SE side, 3 miles Nof Arivaca. | Localized granite outcrops.",
    "dwc:habitat": "desert | grassland",
    "dwc:recordedBy": "Quercus, Aristida, Bouteloua | M. Butterwick | D. Hillyard",
    "dwc:associatedTaxa": "associated: Dasylirion wheeleri",
    "dwc:genus": "Calliandra | Gutierrezia",
    "dwc:verbatimElevation": "Elevation 3900 ft",
    "dwc:minimumElevationInMeters": 1188.72,
    "dwc:recordNumber": "7678",
    "dwc:eventDate": "1981-06-17",
    "dwc:verbatimEventDate": "June 17, 1981",
    "dwc:dynamicProperties": {
        "TRSPresent": "present"
    }
}