{
    "dwc:scientificName": "Collinsia torreyi Gray Var. wrightii (Watts.) Jctn.",
    "dwc:taxonRank": "variety",
    "dwc:scientificNameAuthorship": "Gray | Watts | Jctn",
    "dwc:verbatimLocality": "Abundant in open areas under pine | Big Pines",
    "dwc:habitat": "pine forest",
    "dwc:associatedTaxa": "associated: San gabriel",
    "dwc:recordedBy": "Los Angeles | M SPOT",
    "dwc:verbatimElevation": "Elevation 6,000 ft",
    "dwc:minimumElevationInMeters": 1828.8,
    "dwc:eventDate": "1962-05-28",
    "dwc:verbatimEventDate": "Date: 28 May 1962",
    "dwc:recordNumber": "0 | 468738-61 | 10",
    "dwc:dynamicProperties": {
        "plantDuration": "annual",
        "flowerWoodiness": "herb",
        "flowerSize": "heightLowInCentimeters: 15.24",
        "flowerColor": "white | blue",
        "flowerPart": "flower",
        "plantPart": "tree",
        "treeColor": "yellow"
    }
}