{
    "dwc:family": "Asteraceae",
    "dwc:verbatimLocality": "OF NEVADA, USA | USGS topographic quadrangle Zone | elevation, Gabbs Valley, just south of the south end of Monte Christo Mountains, 1.1km west of | SEof Fallon, deep sand; | low diversity",
    "dwc:county": "Nye",
    "dwc:scientificName": "Ambrosia acanthicarpa Hooker",
    "dwc:taxonRank": "species",
    "dwc:scientificNameAuthorship": "Hooker",
    "dwc:recordedBy": "Mount Annie | Phillips Wash | March A. Baker | Michelle Cloud-Hughes",
    "dwc:recordNumber": "11 | 04 | 82 | 19170",
    "dwc:verbatimCoordinates": "N38.9358\u00b0\nW118.1254\u00b0 WGS84",
    "dwc:geodeticDatum": "WGS84",
    "dwc:verbatimElevation": ", 1409m (4620ft)",
    "dwc:minimumElevationInMeters": 1409.0,
    "dwc:habitat": "scrub",
    "dwc:associatedTaxa": "associated: Eriogonum maculatum | associated: nevadensis | associated: Salsola paulsenii | associated: Sarcobatus baileyi | associated: hymenoides | associated: Tetradymia glabrata | associated: Tetradymia tetrameres | associated: erecta",
    "dwc:genus": "Euphrosyne | Stipa",
    "dwc:eventDate": "2017-07-21",
    "dwc:verbatimEventDate": "21 July 2017",
    "dwc:dynamicProperties": {
        "plantDuration": "annual"
    }
}