{
    "dwc:stateProvince": "Arizona",
    "dwc:family": "Selaginellaceae",
    "dwc:scientificName": "Selaginella arizonica Maxon",
    "dwc:taxonRank": "species",
    "dwc:scientificNameAuthorship": "Maxon",
    "dwc:country": "USA",
    "dwc:recordedBy": "Arizona. Maricopa | McDowell Sonoran | Steven Jones | Marianne Jensen | Chase Coniglio | Roan",
    "dwc:verbatimLocality": "Preserve, Ringtail Trail, 0.2 mi from junction Sunrise Trail. | Scattered low-growing | on slopes",
    "dwc:recordNumber": "33 | 1359",
    "dwc:verbatimElevation": "Elevation: 584 m",
    "dwc:minimumElevationInMeters": 584.0,
    "dwc:associatedTaxa": "associated: Ambrosia deltoidea | associated: Parkinsonia microphylla | associated: Larrea tridentata | associated: Pholistoma arizonica | associated: Phacelia distans | associated: Bromus rubens",
    "dwc:eventDate": "2011-02-25",
    "dwc:verbatimEventDate": "25 February 2011",
    "dwc:dynamicProperties": {
        "plantPart": "plant"
    }
}