{
    "dwc:stateProvince": "Illinois",
    "dwc:country": "USA",
    "dwc:family": "Lamiaceae",
    "dwc:scientificName": "Monarda fistulosa Linnaeus",
    "dwc:taxonRank": "species",
    "dwc:scientificNameAuthorship": "Linnaeus",
    "dwc:county": "Mclean",
    "dwc:recordNumber": "702 | 84 | 43 | 3448",
    "dwc:recordedBy": "Ft. Elevation | Funks Grove Sangamon | Funks Grove Illinois | Stubblefield Woodlots | Paulo B. Marcum | Loy R. Phillippe",
    "dwc:habitat": "river",
    "dwc:verbatimLocality": "Natural Areas Inventory | Nature Preserve. | map datum. | Opening in mesic upland forest. | Associates include",
    "dwc:associatedTaxa": "associated: Acer saccharum | associated: Fraxinus pennsylvanica | associated: Celtis occidentalis | associated: Rubus occidentalis | associated: Rosa multiflora | associated: Ribes missouriense | associated: maackii | associated: Laportea canadensis | associated: Blephilia hirsuta | associated: Smilax tamnoides var. hispida | associated: virginicus",
    "dwc:genus": "Lonicera | Elymus",
    "dwc:eventDate": "2005-07-08",
    "dwc:verbatimEventDate": "8 July 2005",
    "dwc:identifiedBy": "Paulo B. Marcum"
}