{
    "dwc:stateProvince": "Arizona",
    "dwc:scientificName": "Bouteloua curtipendula (Michel.) Torr.",
    "dwc:taxonRank": "species",
    "dwc:scientificNameAuthorship": "Michel Torr",
    "dwc:county": "Gila",
    "dwc:verbatimLocality": "Tonto National Forest. | Pinal Mountains, Russell | 4.0 Soft Globe. | Bunch grass along road. | Farm: Polaca",
    "dwc:habitat": "canyon | chaparral | desert",
    "dwc:verbatimCoordinates": "33\u00b021.77'N, 110\u00b048.88'W)",
    "dwc:recordedBy": "Berberis, Sapindus, Celtis | L. R. Landrum | With A. Henry | A. Mejia",
    "dwc:recordNumber": "9557",
    "dwc:verbatimElevation": "Elev: ca. 3000 ft",
    "dwc:minimumElevationInMeters": 914.4,
    "dwc:eventDate": "1999-08-19",
    "dwc:verbatimEventDate": "Date: 19 Aug 1999",
    "dwc:dynamicProperties": {
        "elevationUncertain": "uncertain"
    }
}