{
    "dwc:stateProvince": "California",
    "dwc:family": "Ephedraceae",
    "dwc:scientificName": "Ephedra aspera Engelm. ex S. Watts.",
    "dwc:taxonRank": "species",
    "dwc:scientificNameAuthorship": "Engelm and S. Watts",
    "dwc:country": "U. S. A.",
    "dwc:recordedBy": "California. San Diego | Anza Borrego | Andrews Salywon | John Rebman | Charlotte Christy",
    "dwc:verbatimLocality": "State Park | Soft Hwy",
    "dwc:recordNumber": "6 | 78 | 1160 | 506",
    "dwc:verbatimCoordinates": "1 ' 48\" N | 24 ' 53\" W",
    "dwc:genus": "Larrea | Cylindropuntia | Juniperus | Krameria | Eriogonum",
    "dwc:associatedTaxa": "associated: ganderi | associated: Yucca schidigera | associated: Agave deserti | associated: fasciculatum",
    "dwc:eventDate": "1998-03-24",
    "dwc:verbatimEventDate": "24 March 1998"
}