{
    "dwc:habitat": "desert",
    "dwc:family": "Poaceae",
    "dwc:scientificName": "Muhlenbergia porteri Becal",
    "dwc:taxonRank": "species",
    "dwc:scientificNameAuthorship": "Becal",
    "dwc:stateProvince": "Arizona",
    "dwc:county": "Mohave",
    "dwc:verbatimLocality": "Hualapai Mountains; | south end of orange | west of Wikieup | just west of summit NNW of | mixed gravelly substrates. | Quad: Aubrey Peak.",
    "dwc:recordedBy": "Chicken Springs | Aubrey Peak",
    "dwc:recordNumber": "93 | NAD83 | 32181",
    "dwc:verbatimElevation": "Elev: 4228 ft",
    "dwc:minimumElevationInMeters": 1288.694,
    "dwc:verbatimCoordinates": "N34\u00b0 40.311' W113\u00b0 44.205' 7.5'",
    "dwc:associatedTaxa": "associated: Yucca brevifolia | associated: Pinus monophylla | associated: aromatica | associated: Juniperus californica | associated: Mirabilis coccinea | associated: Melampodium leucanthum | associated: Ceanothus vestitus",
    "dwc:genus": "Rhus",
    "dwc:eventDate": "2014-10-08",
    "dwc:verbatimEventDate": "8 Oct 2014"
}