{
    "dwc:stateProvince": "Utah",
    "dwc:scientificName": "Tamarix chinensis Loureiro",
    "dwc:taxonRank": "species",
    "dwc:scientificNameAuthorship": "Loureiro",
    "dwc:family": "Tamaricaceae",
    "dwc:county": "Kane",
    "dwc:verbatimLocality": "Colorado Plateau: White Cliffs | , ca 7.5 miles Nof Kanab, 1.5 miles Elof US Hwy | Banks of | on moist | community with",
    "dwc:habitat": "creek | stream | sandy soil",
    "dwc:recordedBy": "Best Friends | Animals Sanctuary | Walter Fertil",
    "dwc:recordNumber": "89 | 27663",
    "dwc:genus": "Salix | Polypogon",
    "dwc:associatedTaxa": "associated: watsonii | associated: Elaeagnus angustifolia | associated: Agrostis stolonifera | associated: semiverticillatus | associated: Equisetum arvense",
    "dwc:eventDate": "2012-07-06",
    "dwc:verbatimEventDate": "6 July 2012",
    "dwc:verbatimElevation": "Elev. 5225 ft",
    "dwc:minimumElevationInMeters": 1592.58,
    "dwc:dynamicProperties": {
        "TRSPresent": "present",
        "verbatimUTM": "UTM: 12S 363340E 4112837N NAD 83",
        "UTMDatum": "NAD83",
        "plantDuration": "perennial"
    }
}