{
    "dwc:habitat": "river | floodplain | canyon | mixed scrub",
    "dwc:stateProvince": "Arizona",
    "dwc:county": "Yavapai",
    "dwc:country": "USA",
    "dwc:family": "Ulmaceae",
    "dwc:scientificName": "Celtis reticulata Torr.",
    "dwc:taxonRank": "species",
    "dwc:scientificNameAuthorship": "Torr",
    "dwc:verbatimCoordinates": "\n34.8368\u00b0N, -112.056664\u00b0W; 3576 ft,",
    "dwc:coordinateUncertaintyInMeters": 1089.965,
    "dwc:verbatimLocality": "Bottom of Verde River Canyon ca. | 4.5 Nof Clarkdale; | off trail into canyon from side track ca. | 3/4 mi SWof Sycamore Cyn Rd. | Deep sand on | walls in",
    "dwc:genus": "Acacia | Prosopis | Mimosa | Berberis | Sporobolus | Oenothera | Erodium | Schismus",
    "dwc:associatedTaxa": "associated: Acacia greggii | associated: Prosopis velutina | associated: Mimosa biuncifera | associated: Lycium andersonii | associated: Bromus arizonicus | associated: Bromus rubens | associated: haematocarpa | associated: Allionia incarnata | associated: cryptandrus | associated: Lycium pallidum | associated: Sisymbrium irio | associated: albicaulis | associated: Linanthus bigelovii | associated: Vulpia octoflora | associated: cicutarium | associated: Eriastrum diffusum | associated: Berberis haematocarpa | associated: Cylindropuntia leptocaulis | associated: Ziziphus obtusifolia | associated: arabicus",
    "dwc:recordedBy": "Frankie S. Coburn",
    "dwc:recordNumber": "1595",
    "dwc:eventDate": "2013-04-07",
    "dwc:verbatimEventDate": "7 April 2013",
    "dwc:dynamicProperties": {
        "plantPart": "shrub",
        "partAsLocation": "to tree"
    }
}