{
    "dwc:stateProvince": "Alabama",
    "dwc:scientificName": "Crotalaria spectabilis Roth.",
    "dwc:taxonRank": "species",
    "dwc:scientificNameAuthorship": "Roth",
    "dwc:verbatimLocality": "BARBOURI CO. | Eufaula National Wildlife Refuge, 0.4 Elof Interstate Hwy 431. | TOWN, R29E, S3 SE | Georgetown Quad | full sun, water site, west swampy soil, by pump station growing | Freeman Herbarium",
    "dwc:verbatimCoordinates": "31\u00b0 57' 58.9\" | 85\u00b0 06' 30.8\"",
    "dwc:recordedBy": "Agalinis, Eupatorium, Hibiscus | G. Gila | C. M. Morton | Auburn University",
    "dwc:genus": "Cephalanthus | Alternanthera | Solidago",
    "dwc:verbatimElevation": "Elev. 197 ft",
    "dwc:minimumElevationInMeters": 60.046,
    "dwc:recordNumber": "2001-13",
    "dwc:eventDate": "2001-10-18",
    "dwc:verbatimEventDate": "18 October 2001",
    "dwc:family": "Fabaceae"
}