{
    "dwc:recordNumber": "5 | 018 | 09.vIn.V5",
    "dwc:habitat": "lake | dry mixed forest",
    "dwc:family": "Dennstaedtiaceae",
    "dwc:scientificName": "Pteridium aquilinum (L.) Kuhn",
    "dwc:taxonRank": "species",
    "dwc:scientificNameAuthorship": "Linnaeus, Kuhn",
    "dwc:country": "USA",
    "dwc:recordedBy": "Lincoln. King | V. L. Niemezyk | Observatory Network",
    "dwc:verbatimLocality": "Vicinity of NEON plot | . Associated with",
    "dwc:verbatimCoordinates": "45.49406 N, -89.56810 W. WGS84. 469 m.",
    "dwc:coordinateUncertaintyInMeters": 469.0,
    "dwc:associatedTaxa": "associated: Maianthemum canadense | associated: borealis | associated: Acer rubrum",
    "dwc:genus": "Lysimachia",
    "dwc:eventDate": "2019-06-20",
    "dwc:verbatimEventDate": "2019-06-20",
    "dwc:dynamicProperties": {
        "plantPart": "tree"
    }
}