{
    "dwc:recordNumber": "D02 | 189 | 0061",
    "dwc:recordedBy": "Mid-Atlantic | F.H. Wigg | With Lonicera | J.G. Portal | Observatory Network",
    "dwc:family": "Asteraceae",
    "dwc:scientificName": "Taraxacum officinale",
    "dwc:taxonRank": "species",
    "dwc:country": "USA",
    "dwc:stateProvince": "Virginia",
    "dwc:county": "Clarke",
    "dwc:verbatimLocality": ". Blandy Experimental Farm Site, north of | ferry road on bridal trail. | m. Early successional deciduous forest.",
    "dwc:verbatimCoordinates": "39.05651 N -78.07394 W.",
    "dwc:genus": "Gleditsia | Plantago | Morus",
    "dwc:associatedTaxa": "associated: triacanthos | associated: Juncus tenuis | associated: Rhamnus davurica | associated: Muhlenbergia schreberi | associated: Alliaria petiolata | associated: Trifolium repens | associated: Lonicera japonica",
    "dwc:eventDate": "2020-06-29",
    "dwc:verbatimEventDate": "2020-06-29",
    "dwc:dynamicProperties": {
        "fruitPart": "berry"
    }
}