{
    "dwc:stateProvince": "Texas",
    "dwc:scientificName": "Desmanthus illinoensis (Michx.) MacMill.",
    "dwc:taxonRank": "species",
    "dwc:scientificNameAuthorship": "Michx MacMill",
    "dwc:recordedBy": "Fabaceae Illinois | L.L. Hansen",
    "dwc:county": "Mcculloch",
    "dwc:verbatimLocality": "east of Brady, along Farm | , 0.5 miles east of the Courthouse Square, at Brady | near the trail road bridge. | Loamy bottomland orange site;",
    "dwc:habitat": "creek",
    "dwc:recordNumber": "4691 | 7549",
    "dwc:eventDate": "2013-08-26",
    "dwc:verbatimEventDate": "August 26, 2013"
}