{
    "dwc:country": "USA",
    "dwc:habitat": "forest | creek",
    "dwc:recordedBy": "Black Hills | L Site | Nahant Elevation | C. Mayer | B. Burkhart | P. Lynch | St. Custer",
    "dwc:scientificName": "Carex capillaris",
    "dwc:taxonRank": "species",
    "dwc:recordNumber": "BF-5 | Sec.11 | 4 | 592502 | 45-65 | 20-50 | 668 | 1 | 2 | SDSU7780(605 | 073-9200",
    "dwc:family": "Cyperaceae",
    "dwc:verbatimLocality": "like sedge County: Lawrence State: South Dakota District: Mystic Legal | USGS Quad | Location/Description: Black Fox Botanical Area | Low to mid northwest facing | dominated slope with occasional | Area iS fairly mossy with | forbs cover. | Needles litter and diff abundant in area. | Date Collected",
    "dwc:associatedTaxa": "associated: Picea glauca | associated: Betula papyrifera | associated: Aralia nudicaulis | associated: Actaea rubra | associated: Viola canadensis",
    "dwc:genus": "Carex",
    "dwc:eventDate": "2006-06-20",
    "dwc:verbatimEventDate": ": 20 June 2006",
    "dwc:dynamicProperties": {
        "fruitPart": "seed",
        "seedHair": "hair",
        "TRSPresent": "present",
        "partLocation": "above",
        "treeHairCount": "low: 60",
        "plantPart": "tree"
    }
}