{
    "dwc:recordedBy": "D Oude | L FABACEAE | Englewood Springs",
    "dwc:recordNumber": "83-118",
    "dwc:stateProvince": "South Dakota",
    "dwc:scientificName": "Astragalus alpinus",
    "dwc:taxonRank": "species",
    "dwc:verbatimLocality": "1.4 Soft Englewood on Ice Cave Road. | Common in open | facing slope with | Collector: Oude Coll.",
    "dwc:habitat": "forest",
    "dwc:associatedTaxa": "associated: Oryzopsis asperifolia | associated: argenteus | associated: Aralia nudicaulis",
    "dwc:genus": "Lupinus",
    "dwc:eventDate": "1983-07-27",
    "dwc:verbatimEventDate": "Date: 27 July 1983",
    "dwc:county": "Lawrence",
    "dwc:dynamicProperties": {
        "TRSPresent": "present"
    }
}