{
    "dwc:country": "USA",
    "dwc:associatedTaxa": "associated: solo | associated: speciosa | associated: rigidiuscula",
    "dwc:county": "Crook",
    "dwc:recordedBy": "BLACK HILLS | BEAR LODGE MTNS | PONDEROSA PINE-BURT | HOLLIS MARRIOTT",
    "dwc:verbatimLocality": "HEADWATERS OF LAKE JONES CR, CA | AIR MISC OF ALVAS.",
    "dwc:recordNumber": "7 | 5619",
    "dwc:habitat": "forest",
    "dwc:eventDate": "1983-08-22",
    "dwc:verbatimEventDate": "22 AUGUST 1983",
    "dwc:verbatimElevation": "ELEV. 4900 FT",
    "dwc:minimumElevationInMeters": 1493.52
}