{
    "dwc:recordedBy": "Seienttfie Name | Nemo Works | Kellia Spleiss",
    "dwc:scientificName": "Agropyron desertorum",
    "dwc:taxonRank": "species",
    "dwc:family": "Gramineae",
    "dwc:recordNumber": "1/4",
    "dwc:verbatimLocality": "miles off Nemo County road | center in the Forest Service boneyard.",
    "dwc:habitat": "and remarks: Open meadow, surrounded by Ponderosa pine",
    "dwc:verbatimElevation": "elevation 4624'",
    "dwc:minimumElevationInMeters": 1409.395,
    "dwc:eventDate": "1991-09-10",
    "dwc:verbatimEventDate": "Date: 9/10/91",
    "dwc:dynamicProperties": {
        "TRSPresent": "present",
        "plantPart": "tree"
    }
}