{
    "dwc:scientificName": "Lolium perenne",
    "dwc:taxonRank": "species",
    "dwc:family": "Poaceae",
    "dwc:verbatimLocality": "Co., SD, 1.3 miles west of",
    "dwc:recordedBy": "Cheyenne Crossing | E.A. Elbert",
    "dwc:recordNumber": "85 | 84",
    "dwc:habitat": "and Remarks: Partial sun, growing with Poa and clover in yard Collector:",
    "dwc:eventDate": "1997-09-10",
    "dwc:verbatimEventDate": "Date: 10 September 1997",
    "dwc:dynamicProperties": {
        "TRSPresent": "present"
    }
}