{
    "dwc:stateProvince": "Texas",
    "dwc:family": "Cucurbitaceae",
    "dwc:scientificName": "Melothria pendula L.",
    "dwc:taxonRank": "species",
    "dwc:scientificNameAuthorship": "Linnaeus",
    "dwc:country": "USA",
    "dwc:county": "Tarrant",
    "dwc:habitat": "creek | pond",
    "dwc:recordedBy": "Drying Beds | Raoul Gutierrez | Allison Fontenoy",
    "dwc:verbatimLocality": "Fort Worth, in | at the Village | Duplicates to",
    "dwc:recordNumber": "45 | 3195 | 4 | 201",
    "dwc:verbatimCoordinates": "\n32.78713 -97.1285",
    "dwc:associatedTaxa": "associated: Amaranthus tuberculatus | associated: Conyza canadensis | associated: lapathifolium | associated: Gaura parviflora | associated: Polygonum persicaria | associated: Ipomoea lacus | associated: Pluchea camphorata | associated: Sesbania herbacea | associated: Ambrosia trifida | associated: pendula | associated: Sorghum halapense | associated: Xanthium strumarium",
    "dwc:genus": "Polygonum | Melothria"
}