{
    "dwc:recordedBy": "Red River | Daucus, Juncus, Rhynchospora | Roberta H. Smith",
    "dwc:family": "Poaceae",
    "dwc:scientificName": "Paspalum distichum L.",
    "dwc:taxonRank": "species",
    "dwc:scientificNameAuthorship": "Linnaeus",
    "dwc:country": "USA",
    "dwc:verbatimLocality": "County, NEof | Greenwood Property. | Maine double gate, east side of drainage. | In water. | Full sun. | Waskom loam.",
    "dwc:recordNumber": "16475 | 1159 | 631",
    "dwc:verbatimCoordinates": "\n33d 47m 3.22s N 94d 55m 52.63s W",
    "dwc:verbatimElevation": "Elev: 110m. (362 ft.)",
    "dwc:minimumElevationInMeters": 110.0,
    "dwc:genus": "Paspalum | Carex",
    "dwc:eventDate": "2016-05-28",
    "dwc:verbatimEventDate": "28 May 2016"
}