{
    "dwc:county": "Tarrant",
    "dwc:scientificName": "Pellaea atropurpurea (L.)",
    "dwc:taxonRank": "species",
    "dwc:scientificNameAuthorship": "Linnaeus",
    "dwc:recordedBy": "Link Pteridaceae | Confederate Park | Gate House | Rebecca K. Swadek",
    "dwc:country": "USA",
    "dwc:verbatimLocality": "OF AMERICAN: Texas: Tarrant County: Fort Worth Nature Center & Refuge. | Prairie East of | Road/FM | Growing in xeroriparian canyon. | Currently dry. | of shells, boulders, and gravel at canyon base with walls of alluvial soil. | Paluxy Formation still downslope. | Growing with | Walnut Formation. | Alluvial, shallow soil.",
    "dwc:recordNumber": "1886 | 5 | 743",
    "dwc:genus": "Lotus",
    "dwc:associatedTaxa": "associated: Frangula caroliniana | associated: Quercus buckleyi | associated: Sideroxylon lanuginosum | associated: Yucca pallida",
    "dwc:verbatimCoordinates": "32.828569, -97.476380 (",
    "dwc:eventDate": "2011-09-28",
    "dwc:verbatimEventDate": "28 Sept 2011",
    "dwc:dynamicProperties": {
        "plantDuration": "perennial"
    }
}