{
    "dwc:stateProvince": "Texas",
    "dwc:scientificName": "Triodanis biflora (R. & P.) Greene",
    "dwc:taxonRank": "species",
    "dwc:scientificNameAuthorship": "R. and P. Greene",
    "dwc:family": "Campanulaceae",
    "dwc:county": "Hunt",
    "dwc:verbatimCoordinates": "33\u00b019\u00b0N 96\u00b015\u2019W",
    "dwc:habitat": "meadow",
    "dwc:verbatimLocality": "Preserve, ca. | NWof Greenville; | along county road ca 1/2 mi | Nof FM 1562 at | native prairie. | Prince tract, western | facing slopes, dominated by tall grasses; | & Heiden clays. | Occassional on thighs of | these from near | between wooded ridgetop and more extensive southwestern ridgetop. | No chasmogamous",
    "dwc:recordNumber": "3 | 5 | 3167",
    "dwc:recordedBy": "Celeste. Undulating | Houston Black | Rogers W. Saunders",
    "dwc:associatedTaxa": "associated: Lineare gilgai",
    "dwc:eventDate": "1995-04-22",
    "dwc:verbatimEventDate": "22 Apr 1995",
    "dwc:dynamicProperties": {
        "flowerCount": "low: 15",
        "flowerPart": "flower"
    }
}