{
    "dwc:stateProvince": "Texas",
    "dwc:county": "Llano",
    "dwc:scientificName": "Phacelia congesta Hook.",
    "dwc:taxonRank": "species",
    "dwc:scientificNameAuthorship": "Hook",
    "dwc:identifiedBy": "Kim Norton Taylor",
    "dwc:eventDate": "2014-08 | 2014-06-26",
    "dwc:verbatimEventDate": "Aug-2014 | 26 June 2014",
    "dwc:verbatimLocality": "North America | State Natural Area. | ca 16.8 Nof Maine St, Fredericksburg.",
    "dwc:country": "USA",
    "dwc:recordedBy": "Enchanted Rocks | Kim Norton Taylor | Bob O.Kennon",
    "dwc:recordNumber": "965 | 1984 | 2415",
    "dwc:verbatimCoordinates": "\n30.50874695 N, -98.8148809 W, + 3 m,",
    "dwc:coordinateUncertaintyInMeters": 3.0
}