{
    "dwc:associatedTaxa": "associated: sebae | associated: Sisymbrium linearifolium | associated: texana | associated: succulentus | associated: variabile | associated: Acacia angustissima | associated: lyrata | associated: Bouteloua hirsuta | associated: Buddleja scordioides | associated: Chamaesyce serpyllifolia | associated: Commelina erecta | associated: Croton pottsii | associated: Desmanthus cooleyi | associated: decumbens | associated: Ephedra trifurca | associated: Evolvulus nuttallianus | associated: Krameria erecta | associated: Melampodium leucanthum | associated: Mirabilis multiflora | associated: Perityle vaseyi | associated: Physaria fendleri | associated: Pomaria jamesii | associated: Rhus microphylla | associated: Salsola iberica | associated: Senna bauhinioides | associated: leucopila | associated: Sporobolus cryptandrus | associated: Talinum aurantiacum | associated: lanuginosa | associated: Tradescantia occidentalis | associated: Yucca elata | associated: Zinnia grandiflora",
    "dwc:stateProvince": "Texas",
    "dwc:verbatimLocality": "Plants of the Mimms Ranch, Dixon Water Foundation | rare on | encountered only where; | sand dropseed grassland with scattered | , on gently rolling landscape underlain by Perdiz Conglomerate | a fanglomerate of | at foot of low hills of | , on somewhat sandy soils mapped as Costovar and Volo soils | Prairie site, ca. | 2.7-2.8 airmiles WNW of jet. | Marfa, at W104 | SW part of | Associates included",
    "dwc:scientificName": "Schoenocrambe linearifolium (Gray) Rollins",
    "dwc:taxonRank": "species",
    "dwc:scientificNameAuthorship": "Gray Rollins",
    "dwc:county": "Presidio",
    "dwc:genus": "Nolina | Aristida | Berlandiera | Dyschoriste | Kallstroemia | Muhlenbergia | Portulaca | Setaria",
    "dwc:recordedBy": "Petani Basalt | Loamy Mixed | Mimms Ranch | W. R. Carr",
    "dwc:recordNumber": "03410 | 34363 | 34265",
    "dwc:verbatimElevation": "Elev. 4870-\n4880 ft",
    "dwc:minimumElevationInMeters": 1484.376,
    "dwc:maximumElevationInMeters": 1487.424,
    "dwc:eventDate": "2014-08-25",
    "dwc:verbatimEventDate": "25 August 2014",
    "dwc:dynamicProperties": {
        "flowerPart": "petal",
        "petalCount": "low: 4",
        "petalColor": "purple",
        "plantPart": "branch | stem",
        "leafPart": "leaf",
        "leafCount": "low: 67",
        "leafSize": "lengthLowInCentimeters: 43.18"
    }
}