{
    "dwc:stateProvince": "North Carolina",
    "dwc:family": "Rubiaceae",
    "dwc:scientificName": "Mitchella repens L.",
    "dwc:taxonRank": "species",
    "dwc:scientificNameAuthorship": "Linnaeus",
    "dwc:verbatimLocality": "Campbell University Campus. | Keith Hills Golfo Course, abandoned portion of course.",
    "dwc:habitat": "mesic forest",
    "dwc:verbatimCoordinates": "\n35\u00b0 24' 0.13\"N 78\u00b0 45' 39.29\" W Datum: WGS84",
    "dwc:geodeticDatum": "WGS84",
    "dwc:recordedBy": "Stace R. Williams | J. C. Havana",
    "dwc:recordNumber": "209",
    "dwc:eventDate": "2015-04-23",
    "dwc:verbatimEventDate": "Date: Apr 23, 2015"
}