{
    "dwc:stateProvince": "Arkansas",
    "dwc:scientificName": "Trifolium incarnatum L.",
    "dwc:taxonRank": "species",
    "dwc:scientificNameAuthorship": "Linnaeus",
    "dwc:county": "Sharp",
    "dwc:verbatimLocality": "Located 2 miles Northwest of Williford along highway. | Occurs with mint.",
    "dwc:recordedBy": "Lisa Ballinger",
    "dwc:recordNumber": "29",
    "dwc:eventDate": "1981-04-11",
    "dwc:verbatimEventDate": "04-11-81",
    "dwc:dynamicProperties": {
        "flowerPart": "flower",
        "flowerColor": "red",
        "flowerWoodiness": "herbaceous",
        "TRSPresent": "present"
    }
}