{
    "dwc:stateProvince": "Vermont",
    "dwc:county": "Washington",
    "dwc:scientificName": "Taxus cuspidata Siebold and Zucc.",
    "dwc:taxonRank": "species",
    "dwc:scientificNameAuthorship": "Siebold and Zucc",
    "dwc:verbatimLocality": ", red arils, frequent | next to FWCC, Northfield, VT",
    "dwc:habitat": "clearing",
    "dwc:recordedBy": "Norwich University Washington",
    "dwc:identifiedBy": "Williams J. Pagan",
    "dwc:recordNumber": "8",
    "dwc:eventDate": "2016-10-15",
    "dwc:verbatimEventDate": "Date: October 15, 2016",
    "dwc:dynamicProperties": {
        "leafDuration": "deciduous"
    }
}