{
    "dwc:associatedTaxa": "associated: menziesii | associated: Layia fremontii",
    "dwc:verbatimLocality": "with several | in leafy | in moist soil, loam over rocks, ca 1.8 | SEof Lakeport off Hwy | on W side of Vista Pt. | Kite Co LAKE C",
    "dwc:verbatimElevation": "Elev. ca. 2650 ft",
    "dwc:minimumElevationInMeters": 807.72,
    "dwc:recordNumber": "29 | 15",
    "dwc:genus": "Trifolium | Lotus",
    "dwc:scientificName": "Stellaria media",
    "dwc:taxonRank": "species",
    "dwc:recordedBy": "No. Date",
    "dwc:identifiedBy": "L.Lyons",
    "dwc:eventDate": "1967-03-22",
    "dwc:verbatimEventDate": "Date: 22/III/67",
    "dwc:dynamicProperties": {
        "stemMargin": "ciliate",
        "stemCount": "low: 1",
        "plantDuration": "annual",
        "plantPart": "stem | plant",
        "plantSurface": "subglabrous",
        "inflorescence": "raceme",
        "flowerPart": "sepal | petal",
        "sepalShape": "ovate",
        "sepalSize": "lengthLowInCentimeters: 3.0 ~ lengthHighInCentimeters: 8.0",
        "petalColor": "red",
        "petalSize": "lengthLowInCentimeters: 0.4 ~ lengthHighInCentimeters: 1.0",
        "elevationUncertain": "uncertain"
    }
}