{
    "dwc:scientificName": "Mimulus guttatus Fisch",
    "dwc:taxonRank": "species",
    "dwc:scientificNameAuthorship": "Fisch",
    "dwc:recordNumber": "8 | 3 | 27 | 40867 | 2027-65",
    "dwc:verbatimLocality": "E. of Chico | near Chico",
    "dwc:stateProvince": "California",
    "dwc:county": "Butte",
    "dwc:recordedBy": "Bidwell Golfo Course | Salmon Hole | Gerry Carruthers | M OSMP",
    "dwc:habitat": "creek",
    "dwc:eventDate": "1966-02-28",
    "dwc:verbatimEventDate": "Date:28 II 1966",
    "dwc:identifiedBy": "Gerry Carruthers Date"
}